june,20
born,szczęśliwy
july,lipca
november,listopada
march,dlatego
january,styczniu
february,kiedy
12,czerwca
14,października
15,czerwca
20,października
on,na
present,czerwca
21,kwietnia
24,stycznia
holland,holandii
13,czerwca
2,listopada
5,listopada
6,stycznia
9,października
16,kwietnia
23,czerwca
27,kwietnia
30,stycznia
stretch,czerwca
1942,1942
in,strychu
date,kilkoma
life,życie
middle,zabrać
the,międzyczasie
i,powiedziałem
to,się
and,i
don't,nie
was,było
always,zawsze
since,ponieważ
a,bardzo
conclusion,zaczynając
two,dwa
all,wszystko
that,że
have,musieli
you,możesz
cute,mam
for,przez
not,nie
when,kiedy
fresh,powietrze
got,przynajmniej
with,się
do,zrobić
am,jestem
no,nie
want,chciałbym
still,wciąż
my,moje
understand,nie
spite,wszystko
get,się
often,często
of,oczywiście
had,się
i'm,jestem
be,być
,
just,tylko
one,jeden
whenever,ilekroć
thing,kiedykolwiek
yet,jednak
keep,zachować
but,ale
what,co
though,chociaż
wrong,wszystko
quiet,cicho
me,mnie
admire,sposobów
yesterday,wczoraj
sometimes,czasami
love,miłość
some,trochę
write,wszystko
should,powinienem
there's,jest
seen,widziałem
i'd,chciałbym
time,każdym
happy,szczęśliwy
really,naprawdę
can,możesz
mean,myśli
shall,zostaną
hope,nadzieję
is,jest
by,przez
others,zachowywać
answer,odpowiedź
which,które
change,się
sedatives,mam
confide,wszystko
welcome,nadzieję
given,zastanawiałem
let's,nadzieję
regain,nadzieję
were,nie
so,tak
this,to
hoping,nadzieję
very,bardzo
hear,usłyszeć
hoped,nadzieję
nature,nadzieję
his,jego
she,powiedziała
thought,myślałem
it,wszystko
say,powiedzieć
except,mojego
thinks,myśli
think,że
has,wszystko
he's,jest
i've,powiedziałem
seems,się
later,później
seem,się
afraid,się
out,wszystko
ignore,dwa
dummies,manekiny
argued,że
trait,która
much,bardzo
wish,zobaczyć
realized,sobie
nervous,zdenerwowany
you're,jesteś
says,mówi
ursul,anne
at,przynajmniej
mess,peter
said,powiedział
up,się
she'll,będzie
myself,siebie
know,wszystko
serious,poważnie
like,jak
course,oczywiście
father,ojciec
many,wiele
they,nie
meant,powiedzieć
suspect,że
full,najbardziej
hate,zwierzyć
split-pea,fasoli
scared,przerażony
silence,wszystko
four,cztery
without,bez
reality,że
right,porządku
swore,że
another,kolejny
been,ponieważ
trivial,wydawać
assuming,że
surprise,resztę
explain,dlaczego
away,ponieważ
protested,że
note,przeczytałem
discussion,między
hardly,wyjątkiem
shocking,strasznie
there,jest
he,powiedział
added,dodany
because,ponieważ
confirming,że
peter,peter
butt,że
claimed,twierdziła
too,zbyt
telling,powstrzymać
them,ponieważ
illustrates,że
her,jej
getting,ponieważ
tangled,że
tirade,została
kitchen,kuchni
safety,bezpieczeństwo
anyone's,że
we're,jesteśmy
ago,wszystkich
replied,odpowiedział
mother,matka
currently,obecnie
threatening,że
buy,książki
they're,ponieważ
awful,okropne
gathered,wokół
more,bardziej
warn,dussela
seemed,naprawdę
sweating,że
bad,wystarczająco
see,zobaczyć
loves,kocha
child,dziecko
going,wszystko
english,angielskiego
gentlemen,przyjechali
known,przyszedłbym
us,nas
didn't,nie
announced,że
pretext,że
idea,pomysł
astonished,ludzi
delighted,gdybyś
go,zewnątrz
it's,jest
matter,znaczenia
repeatedly,że
suspected,że
wished,że
heard,słyszeliśmy
made,zrobił
quick,szybkie
fast,szybko
dirty,umysł
torment,się
parents,rodzice
their,ponieważ
even,nawet
make,wiele
pretend,serce
confess,drugiego
suppose,że
sir,że
misfortune,że
she's,jest
suspects,podejrzewa
coarse,że
introduce,że
despite,wszystkich
navy,że
good,dobrze
talking,zaczęliśmy
i'll,będę
stopped,poczułem
presume,że
fuhrer,rozmawiał
reported,poinformował
agreed,się
news,wiadomości
listen,holenderskich
eyes,trzydzieści
we'll,będziemy
cigarette,ponieważ
window,ponieważ
while,podczas
dreary,że
opened,otworzył
stage,że
tell,powiedzieć
decide,się
carry,tej
hard,jest
professed,że
glad,zadowolony
told,powiedziałem
assure,nie
believe,margot
into,rzeczywistości
ridiculous,pomyślą
idiots,że
shadow,szczęście
we,rozmawialiśmy
causes,że
find,znaleźć
hopes,że
enjoyed,się
realize,sobie
as,jak
will,będzie
eye,że
front,części
pretends,nie
unless,jeśli
means,naprawdę
noticed,zauważył
miep,miep
warned,mnie
twice,dwa
him,niego
trouble,między
looks,wygląda
thanking,że
admit,przyznać
decided,postanowił
you'd,przeciwnym
might,wszystko
especially,zwłaszcza
did,powiedział
saying,powiedział
about,porozmawiać
offer,wszystko
exaggeration,że
must,musiał
forget,ostatniej
embarrassed,zawstydzona
thinking,myśleć
fats,smażymy
conscience,daje
these,dzisiejszych
sweetly,że
furious,wściekły
lady,tylko
discover,szczęścia
took,ponieważ
day,dzień
found,znalazłem
vivid,takie
deep,byłem
clearly,ostatnich
forgot,wspomnieć
finally,końcu
after,po
nothing,nic
hurts,razem
certain,jestem
makes,sprawia
wide,otwarte
grief,że
sense,rozpaczy
pim,pim
stairs,powinienem
having,ponieważ
also,również
little,później
reason,wszystkich
if,jeśli
suddenly,nagle
doesn't,nie
convinced,przekonany
quarrels,kłótni
she'd,zawsze
informed,poinformowani
tummy,że
felt,się
far,daleko
every,każdego
forth,powrotem
knew,wiedziałem
sure,pewien
unstable,że
can’t,że
habit,sobie
advantage,jest
could,powiedzieć
amazed,gdy
warm,łóżku
apologized,przeprosił
war,wszystko
would,powiedziałaby
such,takich
once,kiedy
things,wszystko
tears,powiedział
cries,krzyki
rug,własną
swooped,że
both,zarówno
feel,się
forever,zawsze
strong,chłopców
everyone,wszyscy
saw,widzieli
open,otwierać
lock,musiał
upon,przemówienia
it'd,ostatnia
margot,margot
wanted,powiedzieć
him-don't,że
anymore,wyszedłem
face,ziemniaków
it’s,że
kitty,kotku
kiss,policzek
best,wszystko
changed,prawdopodobnie
simply,prostu
himself,siebie
shut,kiedy
hand,jestem
being,powstrzymać
from,trzydzieści
notice,przemówienie
opinion,wszystkim
marriage,małżeństwem
how,jak
coin,że
diary,pamiętnik
mind,przeciwko
you’re,czego
yourself,dlaczego
only,tylko
offered,historii
grown,naprawdę
he'd,powiedział
before,zanim
why,dlaczego
well,dobrze
honest,szczery
isn't,jest
peter's,peter
claims,twierdzi
surmount,że
people,ludzie
london,nowego
used,myślałem
draw,chciałbym
closed,zamknięty
warehouse,magazynu
jan,jan
three,trzy
lives,niebezpieczeństwo
kit,beztroskie
over,wszystko
happens,się
grumbled,że
shows,że
character,charakteru
here,tutaj
our,nasze
trust,musi
starting,sprawiać
conclude,że
child's,że
can't,mogę
knowing,wszystko
knows,wie
bertus,powrotem
finds,nie
those,tych
abyss,że
stumble,że
invasion,inwazja
long,długo
old,dokładnie
arrogant,że
totally,całkowicie
curse,że
thick,pończoch
accused,że
racing,że
struck,kwadrans
offended,powiedzieli
stomach,żołądek
basel,że
longer,powiedzieć
mouth,miękkie
ways,lepszy
wonder,się
sky,jesteś
kind,mieliśmy
loyal,że
under,oczywiście
school,szkoły
they'll,się
shoulders,jest
whether,kiedykolwiek
allowed,prawie
gave,mnie
surface,nawzajem
off,wszystkich
assigned,mi
help,powstrzymać
haven't,nie
allow,mi
teases,jej
camps,samotnych
running,nawet
pot,nazywający
showed,pokazałem
disappearance,mi
tells,wszystko
read,więcej
upstairs,na
mischief,rodzinie
who,którzy
take,się
gives,brytyjczycy
shorthand,stenogramy
relieved,się
pressed,gdy
ounce,guldenów
tougher,mi
model,dziecko
comes,przychodzi
asked,zapytał
taken,poważnie
reminded,mocno
they've,powiedzieli
your,urodziny
sore,ale
suit,krótkiej
let,pozwól
happened,się
funny,zabawne
permission,pozwolenie
managed,końcu
week,tydzień
move,stanie
nine,dziewiąta
down,schodach
already,powiedziałem
boggles,mi
plying,mi
project,mi
left,będzie
describe,tego
rushed,napłynęły
cross,się
dear,drogi
lot,naprawdę
bringing,wspomina
crate,śmieci
ask,zapytać
dreamed,znowu
need,najpierw
bothers,przeszkadza
evening,wieczoru
anything,nie
helps,miłość
explains,wyjaśnia
allows,mi
bought,mnie
went,poszedł
does,dobrze
days,dzisiejszych
oh,och
ears,dłużej
else,wszyscy
forgiven,nigdy
disturb,mi
comfort,pocieszenia
lets,pokazuje
constantly,jestem
that's,to
work,pracy
blood,peterowi
someone,ktoś
humming,mi
forgive,ale
please,porozmawiać
able,stanie
never,nie
rubbing,się
badly,bardzo
fiddling,się
easily,zobaczyć
acts,się
transferred,się
ourselves,się
are,są
consisted,się
turned,się
play,mnie
usually,zwykle
oasis,się
vice,się
gets,się
start,rozpocząć
act,się
quaking,się
laugh,śmiać
pretty,prawie
subject,temat
jews,żydzi
introduced,się
bored,się
hung,się
leaned,się
around,się
sign,łazienki
grow,zewnątrz
lies,kłamstwa
dealing,dotyczące
began,się
worry,ponieważ
carefree,szczęśliwe
true,prawda
world,wszystkich
wait,doczekać
stuck,się
asleep,pojawił
leave,wieczoru
mattered,się
conspicuous,się
moving,się
place,powiedziała
safe,bezpiecznie
lay,położyłem
varying,się
forward,doczekać
daans,całkowicie
along,się
gotten,się
relate,mnie
truly,naprawdę
swings,się
seven,siódmej
any,każdym
may,może
attempts,się
contain,się
happen,się
cold,kiedy
bounce,się
expecting,się
an,wszystkiego
won't,nie
happening,się
patience,cierpliwości
gramophone,się
cheek,policzek
nicer,znacznie
sulking,się
modest,jestem
black,się
flushes,się
squabbles,się
refer,się
mock,twarzy
herself,siebie
obliged,zobowiązany
anne,anne
addressing,się
red,się
agree,się
until,trzydzieści
learned,się
bathtub,myślałem
gazes,się
strange,dziwne
or,lub
calmed,wszystko
building,powietrzu
witty,się
split,całkowicie
wouldn't,chciałbym
quite,całkiem
snap,zatrzaśnij
study,często
sneak,się
laid,się
shaking,jeszcze
stranger,rzeczy
growing,bardziej
dressed,wychodzić
curled,się
bound,pewnością
draws,się
predicted,się
promptly,natychmiast
become,się
cling,się
cut,wszystko
worse,jest
superficial,powierzchowny
stared,patrzył
save,przynajmniej
fact,rzeczywistości
mention,ojciec
catch,odpowiedzi
deserted,ponieważ
count,nie
everything,wszystko
same,samo
lucky,się
consider,się
coincided,się
great,wielkiemu
dutch,holenderskiego
romping,się
wince,się
deal,spokojnie
yank,się
patient,jesteś
demands,się
shouldn't,powinienem
first,najpierw
again,ponownie
becoming,się
allies,się
salvage,się
end,koniec
arrows,się
ever,kiedykolwiek
better,lepiej
most,większość
complete,zadanie
practically,praktycznie
hold,żywnościowe
name,się
barrel,ziemniaków
trying,próbuje
burglars,włamywacze
churning,się
cleared,się
touch,mojej
pray,się
bet,się
acted,się
shared,się
compared,porównaniu
normal,normalnym
overcome,się
gentleman,kiedykolwiek
sorrow,się
hiding,następnego
hide,ukryć
crew,ludzi
expected,się
back,powrotem
begins,zaczyna
dipped,się
behave,się
pitied,się
then,potem
important,bardzo
door,drzwi
next,następnie
relinquish,się
worth,się
spent,czterdzieści
give,wszystkie
annex,się
forlornly,się
drone,ucichło
consist,się
home,domu
house,wcześniej
safest,się
watch,otwarte
climbed,się
awoke,się
resigned,się
something,coś
couldn't,mogłem
boiled,się
book.',się
fine,porządku
slipping,się
crawling,się
wash,nie
listening,słuchanie
repeats,się
creaks,łazienki
trickle,się
dessert,truskawki
leans,się
goes,idzie
coquettishly,się
vessel,się
swayed,się
gone,całkowicie
bumped,się
laughs,się
achieve,więcej
now,teraz
white,prześcieradło
crawls,się
licking,się
staff,się
opens,się
forming,się
concentration,więzieniach
head,głowy
wonderful,który
surrendered,się
almost,prawie
dreading,się
started,zaczęliśmy
ended,wieczoru
complains,zobaczyć
feeling,się
doing,wszystko
climb,się
lie,muszę
vacuum,przez
roaming,się
ii,więc
ring,się
together,razem
sighing,wzdychając
confirmed,się
cast,wszyscy
hanneli,hanneli
wrapped,tak
consulted,się
set,wszystko
cleaned,się
compare,się
tried,próbował
hid,wszystko
worked,wszystkich
period,żadnego
manage,może
you'll,wszystko
difficult,trudne
blush,się
withdraw,się
looking,mnie
insecure,się
dared,się
close,siebie
instead,zamiast
woke,się
moved,się
kept,trzydzieści
hello,wieczorem
living,dlaczego
heart,serce
surrender,się
chastise,się
rise,się
rapidly,się
ends,strychu
air,zewnątrz
remark,równie
dream,najbardziej
wind,pamiętnika
stick,będziemy
wondered,się
boche's,się
called,trzydzieści
mustered,się
ready,jest
flipped,się
played,się
its,musiała
boils,się
helpers,pomocnicy
entirely,całkowicie
doubt,kiedykolwiek
impossible,niemożliwe
silly,oczywiście
rats,magazynie
collapse,się
what's,co
lighthearted,się
second,drugie
germans,niemcy
think's,się
tucking,się
awakening,się
angry,zły
books,książek
sunday,niedziela
volunteered,się
liked,początku
fixing,się
other,strony
hour,godzinę
praying,wszystkich
faces,stwierdzić
dwell,się
food,jedzenie
laundry,bieliznę
aren't,nie
active,się
melted,się
chunk,się
fight,walczyć
blushed,się
clings,mnie
banish,się
probably,prawdopodobnie
least,najmniej
numerous,wiele
task,sobie
became,został
last,ostatniej
kissing,się
cheeks,policzki
caught,złapany
where,gdzie
mood,nastroju
self-pity,się
loony,się
contracted,się
entertain,się
sticking,się
terrified,nasza
situation,sytuacji
directly,się
upper,części
dreams,rzeczywistość
absolutely,absolutnie
headache,mnie
arises,się
we've,słyszeliśmy
recently,niedawno
try,spróbować
share,się
affection,uczucie
enjoy,wszystkie
satisfied,zadowolony
sitting,siedzieliśmy
room,pokoju
it'll,będzie
join,żeby
nearby,się
crashed,się
turns,teraz
acting,jakby
separate,biura
agreeing,się
admitting,się
argue,może
word,które
listened,przez
brains,musiała
clustered,się
plays,dzień
looked,wieczorem
pounced,się
talked,rozmawialiśmy
backs,nie
severe,się
feels,uczucie
slid,się
remains,niewiele
children,dzieci
lots,wiadomości
heavy,wiele
bath,powiedziałem
pillow,poduszka
dussel,dussel
broken,wewnątrz
landing,zamknięte
each,nawzajem
look,spojrzeć
run,powiedzenia
freshened,się
dare,powiedzieć
light,bardzo
strongly,się
comforts,się
other's,nawzajem
sudden,nagle
vet,się
don,się
heads,głowy
sneaking,się
checked,się
large-scale,się
hesitating,się
located,się
lying,stole
enjoying,cieszę
darling,kochany
shining,przykład
soon,wkrótce
slipped,się
mornings,zadowolić
immediately,natychmiast
urge,się
continue,zewnątrz
despondent,przygnębiony
battle,holenderskiego
follow,się
ashamed,się
man,mężczyzna
nurse,się
eat,zniesienia
followed,poszedł
laughed,jeszcze
dying,prostu
meet,spotkanie
takes,magazynu
learns,się
wound,znalazł
carried,się
learn,dowiedzieć
learning,się
blushes,się
distanced,się
semitism,się
laughing,śmiechu
frightened,przerażone
itself,najwyraźniej
shrink,dłużej
sour,się
suffocating,jeszcze
peninsula,został
appears,się
anyone,kiedykolwiek
reasoning,jest
opportunity,okazji
sermons,się
unlikely,się
wondering,zastanawiasz
hot,gorąco
humble,się
entrenched,się
completely,całkowicie
insolent,bezczelny
he'll,będzie
put,najbardziej
automatically,automatycznie
corps,się
rinsed,się
enamel,się
cured,się
rim,mnie
outrageous,się
within,powstrzymać
slowly,zdecydowanie
military,policjantów
shuts,się
inside,ponieważ
humanity,traktuje
generous,tak
spare,tego
fun,zabawne
tired,zmęczony
poor,biedny
crack,dziesięć
than,kiedykolwiek
whatever,wszystko
rugs,wszystko
view,wszystko
criticize,wszystko
everything's,wszystko
worst,wszystko
coming,wszystko
husband,wszystko
terror,wszystko
complimentary,wszystko
night,nocy
hasn't,jeszcze
nearly,wszystko
daughters,wszystko
written,wszystko
arranged,wszystko
standing,wszystko
bore,wszystko
homes,wszystko
develop,wszystko
complaint,wszystko
luck,szczęście
waged,wszystko
contrary,wszystko
me-no,wszystko
we'd,będziemy
wall,wszystko
starts,zaczyna
done,wszystko
horrible,jest
come,chodź
scarf,szalik
madame,madame
choice,innego
sorry,przepraszam
cans,puszkach
anne's,jest
saturdays,bo
scream,bardziej
warmly,bo
part,części
bring,wszystkim
chitchat,po
size,rozmiar
hers,bo
family,rodziny
attic,strychu
you've,wszyscy
prejudiced,nigdy
danaldean,nigdy
studying,studiowanie
likes,bardzo
apple,nigdy
wasn't,nie
waste,nigdy
comedian,nigdy
faith,brytyjczyków
they'd,bardziej
occasions,kiedy
who's,który
prove,codziennie
dumps,nigdy
short,mówiąc
ours,nasze
quarrel,będziemy
self,nigdy
friends,przyjaciółmi
result,następnego
planning,zobaczyć
year,roku
boys,chłopcy
care,obchodzi
friend,przyjaciela
1940,nie
control,kwadrans
talk,rozmawiać
surprised,słysząc
miracles,nie
works,magazynie
none,których
minds,kilka
loved,wiele
nor,ani
accord,nie
visiting,nie
unaware,nie
miserable,nieszczęśliwy
scraping,nie
moortje,moortje
amount,muszę
book,książkę
certainly,pewnością
unbearable,wystarczająco
yarn,nie
understood,nawet
reportedly,nie
letter,napisałem
special,specjalnego
weren't,nie
upholds,nie
frank,frank
person,całkowicie
visit,razie
jealous,zazdrosny
department,przyjść
table,stole
passing,matki
waited,ojciec
gestapo,traktuje
vague,nie
eating,trzydzieści
chimney,nie
stalingrad,pobliżu
ideals,wydają
beside,pierwszego
nicht,nie
auto,nie
residences,nie
spoken,szeptem
remember,pamiętam
suffering,niesprawiedliwości
dreadful,rzeczach
whole,cały
maybe,może
flung,nie
hadn't,nie
passage,ostatniej
way,sposób
neighborhood,biurze
ration,książek
matters,sprawach
personality,nie
words,słowa
unable,jeszcze
bathroom,powiedziałem
new,magazynu
noise,piętnaście
rat,nie
beans,ziemniaków
subjects,nie
entered,przystąpiła
correcting,niego
ten-thirty,trzydzieści
bed,łóżku
blow-by-blow,nie
bothering,ponieważ
talks,nie
silent,bezczelny
easy,łatwo
cover,znajdują
men,mężczyźni
point,momencie
either,właśnie
step,korytarzu
yes,tak
office,biura
cake,przyprawami
psychology,nie
twenty-year-old,nie
older,ludzie
stays,pozostanie
somebody,ktoś
fails,nie
aren’t,nie
somebody's,nie
appetite,apetyt
avoid,nie
failed,zauważył
squeaky,nie
reading,czytanie
depression,nie
leper,nie
luckily,miałem
usual,zwykle
sleep,dobrze
pass,ponieważ
brochure,nie
obviously,oczywiście
pen,wiecznego
treatment,mnie
memory,wiele
months,miesięcy
position,chociaż
hopeful,nie
itching,nie
sister,siostra
ungrateful,niesprawiedliwe
ingratitude,nie
mom,bardzo
attempt,została
unrequited,nie
rosy,nie
less,mniej
own,własne
whisper,uczucia
discuss,porozmawiać
discussed,tego
nowhere,zaprowadzi
vagina,nie
exactly,dokładnie
mealtime,posiłku
pinch,nie
careful,anne
danger,niebezpieczeństwo
stop,zatrzymać
baptized,nie
shoulder,jego
disappointing,nie
through,przez
chopping,nie
flirt,nie
wishes,życzenia
duplicate,nie
devotion,dziecka
idiotic,nie
baby,ojciec
virtue,nie
honestly,szczerze
chance,czasu
responsibility,własną
intrude,nie
candy,nie
miss,przebywaniem
accusations,oskarżenia
improving,jestem
dares,nie
thankful,nie
tomorrow,pierwszy
kerli's,kerli
inner,wewnętrzne
soul,nie
pebble,nie
concerned,głęboko
jacque,jacque
pieces,nie
stand,znieść
meaning,jego
truth,jest
neither,ani
money,pieniądze
topic,wszyscy
bbc,transmisja
adults,dorosłych
planes,samoloty
show,żeby
week's,nie
clung,nie
finish,zacząłem
experience,doświadczenia
indescribable,nie
teeth,które
clothes,ubrania
queen,ukochana
today,dzisiaj
employees,nie
divan,dussel
saturday,sobota
won’t,nie
touched,najbliższe
girls,dziewczyny
fall,próbował
emotionally,emocjonalnie
encourage,nie
exception,wszyscy
different,dzisiejszych
refuse,korzystania
dropped,samolotów
putting,ostatnie
desperate,nie
undone,nie
kinds,ludzie
delivered,jest
intercourse,nie
helped,kalistenika
grabbed,złapałem
reads,czyta
boche,boche
algebra,wszystkie
british,brytyjczycy
burying,myśleć
sacrifices,cieszę
interests,interesuje
human,trochę
colors,nie
break-in,został
promising,nie
troubles,kłopoty
anywhere,zaprowadzi
milk's,nie
city,które
actress,nie
cognac,nie
finding,trochę
sounds,brzmi
understands,rozumie
theory,nie
outdoors,świeżym
values,nie
firecracker,nie
speculating,nie
costs,guldenów
beautiful,piękny
impulses,nie
general,również
seriously,poważnie
dislike,nie
jacque's,mogłem
honesly,mogłem
cream,szczególnie
amsterdam,amsterdam
extremely,bardzo
spend,wystarczająco
c,algebry
writing,pisanie
loving,rodziców
closer,bliżej
capitulation,kapitulacja
beauty,ludzi
movies,ponieważ
grandma,babcia
pedal,i
tucked,naszej
female,to
poem,który
huffing,i
shyly,i
company,dlaczego
gelsenkirchen,i
treated,bardziej
bookstore,i
ages,wieków
spices,ku
partner,i
raced,niezliczone
mr,panie
dresses,sukienki
underwear,kiedy
jan's,jana
exhausted,wdzięczny
stockings,buty
bin,otworzyć
hammered,i
damp,i
shape,ludzie
rhubarb,i
perfectly,szczęśliwy
exclaimed,złością
apartment,tylko
nice,oczywiście
advanced,i
floor,znów
guns,pistolety
washing,i
pots,garnki
arrived,przybył
assistance,i
philosophy,i
sleeved,i
deaf,i
real,prawdopodobnie
bracelets,i
bosses,i
mother's,matka
clever,sprytny
supposed,powinieneś
faults,niedociągnięć
scold,margot
quickly,szybko
retiring,emeryturę
mixture,zgniłych
plagued,tyle
arrival,kłopoty
stiff,może
pharmacist,i
simple,takie
hikes,i
clack,i
wool,głowy
bodies,ciała
desk,szukając
sink,aby
faraway,i
hostages,i
belle,i
math,francuskiego
grammar,i
carpenter,ponownie
pulling,i
ten,dziesięć
breakfast,śniadanie
outside,zewnątrz
spots,twojego
moan,i
religious,być
homesickness,i
few,rzeczy
heating,do
noon,wieczorem
picked,kota
brow,i
butted,i
wife,powiedziała
girl,zawsze
ideas,zachowuję
monopoly,i
busy,zajęty
sack,był
brown,oczy
conceivable,i
hunt,nas
sat,ponownie
records,ani
latest,wiadomości
chair,kiedy
explored,i
aviv,i
classics,i
history,historia
babies,dzieci
scolded,za
electricity,i
making,sprawia
above,przede
father's,ojciec
sausage,kłótni
sausages,miały
infection,i
kicking,bez
rain,porządku
streetcar,tramwaj
green,zielony
cakes,ciasta
bandages,i
physical,miłość
bulb,i
giggly,i
knapsack,i
thin,pomylić
caps,pod
van,van
netherlands,które
country,wszyscy
pepper,pieprzu
ninny,i
mouschi,mouschi
came,przyszedł
questions,pytania
fuss,robimy
air-raid,zaczęły
pants,ponieważ
disasters,i
chiming,i
wooden,schodów
several,miesięcy
greek,mitologia
mentholatum,i
1,kwietnia
gagged,i
private,gabinecie
hours,godziny
hypocrite,i
cruel,było
remain,milczeć
ersatz,i
kindness,i
consists,składa
carelessness,każdy
spoiled,bardzo
favorite,historia
operating,i
weeks,tygodnie
lose,szybko
friendly,przyjaźni
role,przenigdy
reasonable,wszystkim
incensed,i
piece,jest
pedantic,i
forced,jesteśmy
cash,nawet
minutes,później
swarms,i
dived,i
firing,ciężkie
flying,schodach
rage,wściekłości
calculating,i
grit,i
cat,dziewczyny
ordinary,zwykłych
toe,mojej
hair,włosy
handkerchief,słoiki
shady,podejrzaną
d.'s,van
bit,przeszłości
newspaper,wrzuciłem
knock,prostu
bird,i
vegetables,warzywa
portions,i
patent-leather,i
afternoon,popołudnia
plate,ryżu
colored,i
bled,tak
weather,pogoda
hands,próbując
jumped,wyskoczyła
tries,stara
curious,ciekawy
anthem,i
unreliable,i
about-face,drzwi
holding,zachowanie
coats,i
sell,pana
feet,kiedy
yeast,drożdży
loud,głośne
darkness,ciemności
cry,płakać
led,zaprowadziła
case,przypadku
pens,i
lyceum,jest
countless,niezliczonych
shot,do
empty,żołądek
cooking,mama
turmoil,i
sadness,i
free,jednak
times,razy
pad,i
doctor,powiedział
thirty,trzydzieści
inch,i
penny,aby
drizzly,i
during,podczas
jewish,żydowskich
miracle,i
potatoes,ziemniaków
oils,ziemniaki
pages,możesz
vicious,i
linger,i
helping,nienawidzę
dark,szczególnie
shyness,go
mine,siedzieliśmy
movie,gwiazdy
upset,zdenerwowana
heel,i
problems,problemy
belong,ogóle
momsy,mamo
spiteful,i
rest,reszty
selfish,powinien
stingy,taka
turn,naszego
scale,i
held,końcu
fed,wojny
age,wieku
grocers,i
pipe,i
unselfish,i
women,kobiety
expressions,prostu
gifts,podekscytowany
birthdays,i
suits,i
coal,aby
water,margot
jugs,i
meaningfully,i
body,usłyszałem
cushion,dussela
papers,gazety
trapdoor,drabinie
alone,chociaż
sun,zaczyna
scoops,i
dishes,naczyń
chestnut,kasztanowiec
birds,na
amid,i
houses,ich
sit,siedzieć
whom,wszyscy
bep,bep
sorrows,i
side,strona
cigarettes,papierosy
moods,aneksie
wink,jakby
tiresome,i
boy,powiedział
solitude,i
teachers,zostanie
coquettish,trzecie
seemingly,i
loneliness,samotności
teenager,bardziej
happiness,szczęście
courage,ponownie
aagje's,i
thursday,czwartek
french,rozmawialiśmy
inventing,i
impudent,i
prewar,i
pickled,jest
opinions,dorosłych
political,polityczna
detail,przez
prescription,tej
phone,ponieważ
morning,rano
sons,wysyłani
twelve,trzydzieści
appearances,i
broad,i
feelings,jeszcze
feelers,i
small,przykład
outwardly,i
adjust,i
biggest,również
openly,porozmawiać
rough,i
approved,i
clear,minutach
energy,i
pricking,i
question,pytanie
sleeping,przez
slurping,i
bikes,i
everyone's,wszyscy
border,i
odessa,i
tulips,i
packages,zupy
gravy,jest
alive,ale
drank,miep
nightgown,moja
earth,licha
besides,poza
use,łazienki
thoughts,myśli
fourteen,czternaście
upward,i
norwegian,i
roman,i
placed,i
probability,i
whispered,do
sets,dobry
skirt,przeciwdeszczowy
freedom,wolność
page,tylko
tea,jesteśmy
tuesday,wtorek
quarter,piętnaście
gorgeous,cudowna
brave,było
goal,celu
among,prezentów
nutty,i
swollen,i
steal,stronę
cement,i
cucumber,i
births,i
clumsily,i
satisfying,i
kreysler,i
cough,kaszel
pomerania,pomorza
ministers,i
monkeys,i
shem,i
between,między
against,moim
gentle,delikatna
lights,i
normally,normalnie
strength,charakteru
plan,zostać
shy,nieśmiały
martin,i
bigger,niż
airplanes,20
carefully,wszystkie
disposition,jest
prices,moglibyśmy
police,policja
fifteen,minut
wronged,mnie
sunny,i
example,przykład
prominent,i
engagement,małżeństwie
cheese,znaleźliśmy
names,znaczenia
spinach,jeszcze
bijenkorf,bijenkorf
pink,i
adam,i
disaster,drugiej
shouts,łzami
yellow,widać
reappeared,i
wrists,i
wednesday,środa
collected,wiadrze
disarray,i
lthan,i
wedding,jeszcze
leaves,mnie
carnations,od
knaur's,i
medical,dlaczego
novels,powieści
german,angielskim
latin,lekcje
trigonometry,i
anxious,zwłaszcza
cried,podłodze
modier,i
fighting,teraz
pitiable,i
tension,napięcie
sides,śmiechu
flushed,zarumienił
scratches,i
box,właściwe
calais,i
havre,i
bomb,głowę
american,i
de,przyjacielem
remaining,żaden
straw,truskawki
army,nawet
difficulties,chociaż
d,d
moans,i
greatest,największym
meyendorff,i
fond,gotów
favor,i
theresa,i
indies,i
conversations,rozmów
innermost,naszymi
glare,i
clouds,do
progress,nich
soldiers,wszyscy
honored,czułem
suffer,cierpią
woman's,kobiety
flirtations,flirt
regions,nimi
spunk,i
shoes,podczas
alien,tak
vain,ludzi
purgatory,i
dusty,zasłony
six,szóstej
contingent,i
mixed,pomieszane
bep's,bep
precise,i
power,ufać
foundation,skóry
hitler's,antyżydowskich
officers,którzy
russians,całą
previous,i
shrugs,i
stuff,których
forehead,teraz
fearlessly,będziesz
stories,słuchaliśmy
outsiders,mówienie
dining,gdzie
crates,książki
punishment,dla
copy,wiele
presents,prezenty
card,biura
feast,dla
blow,ciężki
big,którego
useful,sprawiać
letters,otrzymałem
reasons,powodów
sweetheart,kochany
children's,dzieci
christmas,dla
half,nauczyłem
bottle,moim
places,zamienił
amusing,zabawne
respect,większości
trap,dla
fatherland,dla
burden,musimy
measure,środek
salvation,dla
working,nad
suited,siebie
horror,dla
obvious,oczywiste
unkind,ciebie
wrote,ciebie
source,pocieszenia
excellent,źródłem
provide,chociaż
comment,komentarz
lesends,przez
ruined,przez
visions,przez
fell,powrotem
eaten,przez
keeping,oczywiście
methods,przez
available,wszystkich
mentally,przez
walking,ojciec
trooped,przez
sunshine,słońce
virtually,praktycznie
stood,trzydzieści
fleeting,przez
awake,pierwszego
entire,popołudnie
crossword-puzzle,przez
inseparable,przez
smile,natychmiast
breathe,powietrzem
remained,zawsze
diagnosis,przez
holes,przez
speech,przemówienie
gunfire,przez
rumbling,przez
occupied,przez
shone,przez
day-all,przez
cracks,przez
affairs,przez
birth,przez
chattered,przez
solution,przez
capitalists,przez
monotonous,anne
everyday,tylko
grammy,tak
street,mnóstwo
outspoken,w
depressed,w
pogroms,w
north,maja
celebration,uroczystość
pong,w
summer,kiedy
eventually,ostatecznie
direction,ale
anyway,inaczej
class,zatrzymać
ingenuity,mógł
poetry,w
keesing's,w
all's,w
monday,poniedziałek
promise,jej
hello's,drzwi
theater,na
balcony,w
miep's,miep
pound,guldenów
alcove,również
spice,przypraw
ankle-twisting,w
cleaner-uppers,w
scrubbed,w
vacation,września
otherwise,bardzo
aloud,powiedzieć
chamber,tym
searched,pokoje
schoolwork,szkole
interruption,w
threw,też
meanwhile,w
hang,chcę
tutor,wydaje
fill,wypełnienia
hit,moich
account,swoje
drawn,na
slap,uderzeniu
prisoner,aż
friday,piątek
irritation,w
partial,w
advise,jej
intact,w
hailstorm,w
single,każdego
preferably,najlepiej
belgium,francuskiego
speechless,w
tuned,na
activities,w
pregnant,w
turning,sposób
pales,w
brought-up,w
including,łącznie
quack,quack
cozy,przytulnie
peering,w
interrupted,tylko
christians,chrześcijanie
hundreds,setki
actually,właściwie
victor,w
estimated,w
near,niemieckich
bangs,w
chairs,musiała
hammer,kilka
manager,zewnątrz
exchange,kolejne
voskuijl,voskuijl
singel,w
night's,w
number,numer
afternoons,popołudnia
parts,części
intruder,w
safely,bezpiecznie
slant,w
stayed,został
years,wcześniej
figuratively,mówiąc
radio,radio
lower,coraz
harbor,mogą
bite,itp
majesty,pomyśleć
cotton,bawełniane
nightly,stałem
shuffling,strychu
dickens,z
annex's,w
characterized,w
tin,która
foot,matki
chore,obowiązkiem
glancing,w
taking,miałem
eight,ósmej
signed,w
3,października
mouths,usta
maaren,maaren
fit,jestem
hundred,może
spot,miejsce
five,pięć
pick,mnie
reproach,myślisz
circumstances,okoliczności
paper,ponieważ
breasts,w
venus,w
tennis,tenisa
stroke,ponownie
search,czegoś
service,w
boyfriend,chłopakiem
ground,końcu
soccer,w
daily,codziennie
biting,w
pounds,truskawek
canning,w
staring,głęboko
rapid,w
notebook,nowe
people's,innych
'be,w
doors,których
candle,świecę
warmth,w
seventh,szóstej
wise,tak
answers,odpowiada
plunged,w
depends,posiłku
die,między
skating,w
wander,w
rush,po
downstairs,dół
head's,głowie
grateful,wdzięczny
stay,spokojnie
strict,w
semidarkness,w
mayor,burmistrz
developing,w
young,młody
largely,dużej
occasional,czasu
supreme,w
mama,mama
curlers,lokówki
speaking,niemiecku
moment,chwili
prut,w
difficulty,w
rocks,w
basket,większą
o'clock,dziewiąta
concert,w
washtub,tylko
comfortably,w
ax,w
below,na
chest,na
discovered,wczoraj
nine-thirty,trzydzieści
debates,na
windows,otwarte
equally,równie
bulletins,w
rolled,w
lain,w
rising,gorączki
italy,włochy
opening,magazyn
mutual,w
deeply,jest
propped,w
sundays,niedziele
professor,jak
ottawa,w
embraced,w
basically,prostu
lunch,obiad
track,w
untrue,w
shopping,ponieważ
timetable,w
fully,długo
pile,pracy
tornado,w
terribly,strasznie
involved,życie
cool,zimny
sleeps,w
commotion,w
bombarded,pana
swirling,w
inevitable,w
dent,w
raised,wychowany
sand,było
strawberries,truskawek
delicious,pyszne
disapproval,twarzach
plus,jeśli
image,wyobraźni
intimacy,aby
solutions,w
transformed,tobą
generals,tego
embrace,w
pure,ponownie
september,września
28,stycznia
april,maja
2g,września
25,kwietnia
29,października
10,listopada
8,listopada
mobilized,r
j,r
intellectually,lepszy
hideous,jak
hatched,jak
watching,patrzeć
government,jak
past,ponieważ
scurry,jak
slaughterhouses,jak
flee,jak
reports,doniesienia
dash,jak
hiss,jak
imagine,wyobrazić
sneaked,wczesnym
misbehaved,jak
adolescent,problemy
divided,takich
ape,jak
swim,jak
goebbels,jak
propaganda,przypadku
forgotten,zapomniał
giggling,jak
explained,potem
glass,które
discouraged,jak
remarked,jak
sound,przypadku
self-confident,jak
forsaken,opuścił
ignorant,jak
mentioned,jak
described,jak
accompanied,towarzyszą
crazy,zamierzam
trembled,strachu
lived,jedliśmy
transformation,jak
filled,nienawiści
unhappy,zewnątrz
popeye,jak
belt,jak
princess,siostra
conceited,jestem
acknowledge,jak
excuses,jak
ought,naprawdę
breeze,naprawdę
begin,wszystkim
trusts,naprawdę
moon,naprawdę
bolsheviks,naprawdę
mad,mnie
toward,sądzisz
asking,mnie
goslar,goslar
upsets,mnie
bawled,mnie
tutoring,niderlandzkiego
ludicrous,mnie
brother,mnie
skirts,mnie
terrible,straszne
embarrasses,mnie
blame,teraz
laughter,podłodze
surrounded,mnie
lectures,mnie
treat,traktować
file,ponieważ
interest,chociaż
tuck,mnie
insensitive,mnie
unusual,mnie
pit,mnie
calls,mnie
condition,całkiem
annoys,mnie
confronts,mnie
fool,mnie
wounded,mnie
secret,większość
certainty,mnie
unreasonable,mnie
backed,mnie
points,spojrzeć
length,mnie
assured,mnie
encouraged,mnie
brought,przyniósł
express,wyrażenie
red-letter,mnie
caressed,mnie
bouquets,mnie
wave,mnie
keeps,mnie
awaits,mnie
stove,mnie
hurt,mnie
press,mnie
disappointed,mnie
blossoms,mnie
monotony,mnie
writer,mnie
guided,mnie
ultimately,ostatecznie
unbolted,podobnie
bear,które
apologize,przeprosić
tend,do
frankfurt,frankfurcie
manufactures,do
aachen,moja
heartbreaking,do
elderly,dzieci
brings,przynosi
ping-pong,kilkoma
bicycle,usłyszałem
who'll,do
drink,lub
ringing,do
rang,drzwi
schoolbooks,kilka
wake,nim
dress,trzy
kugler's,kugler
corner,do
toilet,toalety
ideal,chłopcem
tacked,do
supply,zostanie
calling,czajnik
newsworthy,do
fourteenth,do
nailing,do
carpentry,do
mum,do
rushing,to
bottom,schodów
irregular,francuskich
pencils,do
walked,drzwi
type,mogę
form,korepetycji
stumbled,do
jump,podskakuje
jars,wystarczająco
powder,woda
cologne,jako
searchlights,do
sent,koncentracyjnych
joined,ale
report,zgłoszenia
vent,do
space,pracy
line,niezmiennie
observe,do
further,dalej
medicinal,do
proceed,recenzje
knocking,do
binoculars,do
addressed,do
weapons,do
worn,zmęczony
barber,do
taxes,do
cockroaches],do
shipped,do
hospital,bardzo
rebukes,matki
suggested,zasugerowała
two-thirty,wpół
hairpins,do
robe,do
reached,wiadomości
return,niezależnie
seven-thirty,trzydzieści
inspection,do
typewriters,zostały
possible,najlepiej
continues,do
travel,bez
occurs,do
errands,nas
alarm,kolejny
enthusiastically,do
doorbell,dzwonek
dirt,okien
god,szczęśliwy
prevented,do
rode,do
art,zostały
lacy,do
arrive,będziemy
rye,żytniego
packing,do
movie-star,do
remarks,zwrócić
bearable,do
underground,którzy
stunts,do
driving,nas
population,ale
moneybags,do
civilians,do
manicure,do
force,problemu
apparently,najwyraźniej
chosen,podczas
reach,decyzji
five-fifteen,piątej
slept,spaliśmy
platter,domowych
annes,do
meaningful,do
obnoxious,chłopak
struggle,walczyć
music,innych
intended,chciała
machine,niemieckiej
resumed,do
pair,para
strode,do
gomorrah,do
cady,ponieważ
store,zelandii
western,zachodniego
granted,pracować
coast,zostało
rightful,do
captive,do
jam,grzebień
ran,kiedyś
one-fifteen,pierwszej
napped,do
passes,bez
prospect,perspektywa
containing,której
whose,którego
tactless,której
waking,godzinę
olden,teraz
weighs,teraz
delight,dzisiaj
stupid,głupi
difference,jednak
stole,teraz
sits,siedzi
immigrated,teraz
salesman,taki
so-and,taki
pushy,więcej
typically,holenderski
state,stanie
follows,sposób
somehow,sposób
figure,sposób
smart,jesteśmy
top,szczycie
terrific,wspaniały
assistant,jest
wilma,jest
passed,bardzo
behind,zawsze
sick,jest
appendage,jest
annoying,jest
alike,jest
fabric,jest
code,jest
paragon,jest
exasperating,bardziej
incapable,jest
confused,trochę
evenings,niektóre
mental,jest
indian,jest
fatalistic,jest
distribution,jest
easier,łatwiej
there're,jest
surprising,często
clandestine,jest
rotterdam,jest
glee,jest
hardworking,jest
petronella,jest
weather's,jest
atmosphere,jest
window's,jest
teacher's,jest
blind,jest
exercise,jest
rounds,jest
banter,jest
warnings,jest
assurances,jest
blackout,jest
bathroom's,jest
explanation,jest
sages,jest
awkwardness,jest
snoring's,jest
becomes,jest
disgusting,jest
funnier,jest
hole's,jest
enough,wystarczająco
sentence,wyraźnie
closes,jest
humorous,jest
goodness,bogu
thrilling,jest
independent,niezależny
tree,jest
overconfident,jest
destructive,jest
sentimental,jestem
engaged,jest
heat's,jest
janina,jest
fear,kiedykolwiek
fire,podczas
bothered,sobie
disfigured,jest
society,jest
accountant's,jest
ambush,jest
forgetting,o
girlfriend,musiało
worried,kochamy
engrossed,pochłonięty
s,tydzień
stops,kiedy
red-faced,o
daddy,tatuś
youth,naszego
judgment,ze
island,o
delay,o
deliberately,celowo
asks,piętnaście
streets,niebezpieczne
cabinet,rządu
experiences,o
nightmares,o
sizes,o
hypocrisy,o
business,zrobić
shiver,przeszedł
warning,ostrzegawcza
member,ukrył
shrill,o
sake,najpierw
eight-twenty,o
flaming,przytomność
neighbors,naszych
jopie's,o
strangely,dziwnie
conflicts,o
upbringing,dzieciom
negative,opinie
however,jednak
district,o
blamed,o
dearest,najdroższa
misery,może
chatted,o
pleaded,o
faintest,wzięła
certificate,aby
guessed,trzy
menstruation,o
lately,ostatnio
discussing,o
chapter,o
four-thirty,czwartej
eleven-fifteen,o
rattling,dwa
call,ponieważ
inform,o
courting,o
expression,wyrażenie
lesson,o
susanna,o
recount,o
begs,o
europe,o
nose,o
breakfasting,o
eleven,jedenastej
awaited,o
minute,płomieniach
interested,zainteresowany
freedom-fighting,o
one-thirty,trzydzieści
challenging,trudny
neck,pracy
sending,wiele
health,wiele
comings,wiele
blunders,wiele
shed,wiele
genealogical,wiele
endure,wiele
spell,a
slightest,a
sixteen-year-old,a
screaming,krzyczeć
birthday,urodziny
devote,cały
meals,posiłków
shouted,a
switched,ponownie
pour,swoje
quietly,pokoju
skin-tight,a
beds,rzeczy
longed,a
refined,a
17,listopada
knowledge,a
ironing,a
tub,a
denounced,a
"lady,'",a
thieves,są
key,klucz
begun,rozpoczęła
clogged,zatkane
frayed,a
scrounge,wygrzebać
recounted,a
king,swojej
estimation,a
chatter,kiedy
lab,a
lips,myślę
burning,głowy
dictionary,a
corrects,a
deserve,pomoc
extras,a
tact,ani
bewildered,a
candles,brakuje
germany,niemcy
blue,zobaczyłem
loft,przyzwoitym
margot's,margot
deeds,czyny
starve,innych
fend,a
leftovers,a
throat,ponieważ
flu,pozwolił
fondness,a
bits,a
noisy,tylko
skin,po
compliment,komplement
rooms,drzwiami
rotten,wczoraj
tale,rok
footsteps,schodach
watchman,aneksie
leaking,włożyć
bud,a
across,naprzeciw
leaf,a
million,żydów
overalls,kombinezon
effect,zupełnie
bombs,wciąż
millionaire,a
rich,bogaci
wine,roku
squeals,a
bleach,to
mopping,a
sheets,zwykłych
england,anglia
ahead,świecie
cherbourg,cherbourg
conquest,trochę
dictatorship,a
moments,najbardziej
crying,szczęśliwym
mustn't,możesz
possibly,zaoszczędzić
hairstyle,mogę
seeing,siebie
poorer,tych
grade,klasie
harder,wyobrazić
seethe,kiedy
calm,spokojny
peals,kiedy
lunchtime,kiedy
prayers,kiedy
philips,kiedy
charming,kiedy
blanket,kiedy
oddly,kiedy
claim,kiedy
annoyed,petera
jumbled,kiedy
woman,kiedy
silliest,kiedy
dumb,kiedy
350,kiedy
dinner,ziemniaki
trilling,kiedy
trees,genealogiczne
apart,kiedy
instance,przykład
berate,kiedy
finished,skończyłem
nib,pisać
teacher,aneksu
determined,pisać
mothers,matki
admirers,wielbicieli
popular,tak
sounded,tak
handwriting,tak
giving,margot
castles,tak
sarcastic,śmieje
innocent,tak
missed,tak
gloomy,tak
disgrace,tak
lengthy,długich
cookies,które
flashed,tak
candlelight,tak
reject,tak
mug,tak
petty,sprawy
price,tak
dreaming,jedzeniu
beginning,zaczyna
wrought,tak
jun,tak
bold,tak
differently,inaczej
soft,miękkie
sorts,pytania
understanding,jesteśmy
brushes,tak
rooftops,tak
missing,magazynu
ponders,tak
mostly,tak
yeah,tak
avoiding,tak
arguing,byłam
spouse,tak
delicate,tak
brim,dłużej
blue--oh,tak
seventeen-and,tak
sweet,bardzo
wants,chce
hurtful,tak
wealthy,tak
belted,tak
sodom,tak
upright,tak
liberation,nadejdzie
bowel,tak
bother,sobie
buttons,cię
boring,wróciłem
le,cię
prepared,zawsze
plucked,cię
easter,poniedziałek
august,10
october,października
strawberry,zgniłych
ladies,lub
drifting,od
swept,ziemię
go-round,od
raincoats,od
fat,jednak
depending,mojego
crossed,przemknęło
provinces,od
possession,ponad
bouncing,od
two-fifteen,od
eleven-thirty,jedenastej
dependent,od
nineteen,od
extra,ponieważ
sounding,od
solace,od
rather,raczej
communique,od
meal,może
gold,od
sticker,od
peas,funtów
full-cream,od
dominated,od
skipping,od
imposed,od
burst,śmiechem
moment's,chwili
maarsen,maarsen
voice,ojciec
bell,gdy
merrily,gdy
screen,gdy
crippled,gdy
train,gdy
aggressor,gdy
scoldings,głowę
tactic,gdy
victim,usiadła
sailing,gdy
closely,gdy
stink,gdy
cheerful,nastroju
exploded,gdy
strangers,zwłaszcza
sees,bardziej
noticing,dostałem
exchanged,na
hunting,na
enamored,na
slightly,przesadzone
upcoming,na
staked,na
essay,napisać
trick,sprawę
joke,swoim
fortunately,na
waiting,schodach
doorway,na
heat,wszędzie
schoolbag,wyrazem
hallway,podczas
straight,siebie
grocery,na
odd,dziwne
scorched,na
rewrite,na
riding,na
opposite,prostu
based,na
complaining,przestać
linen,na
cardboard,na
action,samolotów
youngsters,problemy
forks,na
cardigans,na
address,czego
doomed,skazani
landed,również
curtains,zasłony
pause,na
spread,na
selling,na
await,na
greater,czułości
fainted,na
fuse,na
headed,tam
groan,na
grumbling,narzekanie
whitish,na
changes,tylko
gluttons,na
sacks,na
pleased,zadowolony
stoves,na
instructed,na
slave,na
marched,na
digest,na
disciplinarian,na
picture,sobie
dry,raczej
fatter,na
letting,sprawy
boats,na
hanging,półtora
sow,na
portion,porcję
amuse,na
debate,na
canned,pierwszych
armed,na
tincture,na
displayed,na
bra,na
presence,swojej
translate,na
noes,na
loincloth,na
advice,rada
cubbyhole,na
coupons,potrzeba
sale,na
post,rano
pleasant,powierzchowną
fleas,na
nails,na
alternated,na
thud,na
impatiently,na
carted,na
medium-sized,na
stilts,na
glance,sekundę
whoever,na
potty,nocnik
knitting,poczuła
breath,na
peek,odpowiedzi
plant,na
pomaded,na
whistle,na
frequently,czuję
bike,petera
skies,na
flowers,jedzenie
ride,rowerze
wood,powiedzieliśmy
cook,dobrze
dussel's,dussela
remedy,na
pushed,żeby
lamp,została
aside,uczucia
temperature,czterech
released,na
meantime,jednak
smiling,na
spirits,nastroju
parachute,na
ladies-were,na
snug,na
rice,tym
dimples,moje
clocks,na
guilders,guldenów
filling,opakowań
arms,ramionach
invitation,na
seated,czekając
bang,wcale
dashed,górę
kick,na
steps,samotny
wastebasket,na
dish,mną
preparing,ziemniaki
area,części
death,śmierć
tore,na
tailed,na
insisted,na
studies,swoich
afford,książeczek
reconstruction,na
addresses,na
litter,na
peeing,na
trickled,na
drops,prawie
bucket,wiadra
cuffed,na
deserved,na
palestine,na
plenty,na
afloat,na
balancing,na
fried,ziemniaki
relieving,na
paratroopers,na
arriving,na
bayeux,na
treaty,na
occasions-to,na
earn,na
sufficiently,na
lean,na
tip,na
string,sznurek
pod,patelni
devoted,swojej
commanding,na
unused,stole
fields,innych
marketeers,innych
drag,innych
influenced,innych
parents',moich
magnanimous,moich
realization,moich
included,moich
curiosity,poszedłem
arguments,szczegółach
grandparents,dziadkowie
zionist,ale
craziest,ale
lopsided,ale
raising,ale
shortcomings,niedociągnięciami
daddy's,tatuś
cramped,ale
intensity,ale
furniture,zostały
entitled,ale
locked,będziemy
scratchy,ale
hospitalized,ale
celebrate,swoje
optimist,ale
dictates,ale
bitter,ale
coat,płaszcz
pointless,ale
elder,ale
stir,ale
bill,musisz
portrayed,ale
properly,ponieważ
curved,ale
winks,ale
mommy,ale
uplifting,ale
anxiety,niepokój
valerian,ale
negotiate,ale
block,zdaniem
tickle,ale
jopie,najlepszym
pain,tego
everywhere,zewnątrz
preaching,ale
underhanded,ale
christian,przyjaciołom
meatballs,ale
etc,itd
peace,spokój
holds,nawet
splendidly,ale
infinite,ale
quality,jakości
importance,trochę
punch,ale
list,tego
bookcase,dlatego
walk,ludzie
beat,wściekły
requires,ale
excuse,jego
understandable,ale
lifetime,ale
rights,pokoju
reply,odpowiedź
cady's,życie
asylum,ale
edge,ale
agony,konieczności
troops,ale
effort,usunąć
unfair,miesiąc
household,często
reduced,to
necessary,absolutnie
wasting,to
accidents,to
clashes,nasze
verbal,to
constant,siedzenia
carping,wszystkich
that'll,to
melancholy,to
attention,zupełnie
postponed,to
themselves,sobie
statement,to
ropes,to
childish,jednak
recommend,to
former,poprzedniego
pleases,to
notices,zauważa
ditto,to
upkeep,to
row,pim
unjust,to
shorten,to
anger,więc
strictly,to
impression,wrażenia
received,otrzymaliśmy
cervix,to
evidence,dowód
politeness,to
inflicted,to
interesting,interesujące
overnight,dzień
1944,1944
olga,to
what's-her-name,to
faint,to
searching,szczęścia
accomplished,mouschi
crushed,to
residents,mieszkańcy
cards,godzinie
sixth,szóstej
six-fifteen,szóstej
sixth-grade,szóstej
dipper,co
chatterbox,co
complain,narzekać
co,co
clock,czekałem
cleaner,co
moreover,co
rear,co
behaved,co
products,co
&,gies
invariably,nazywa
courses,kursy
tenderest,co
accuses,co
furthermore,ponadto
feed,karmić
confusion,co
knobs,co
break-ins,włamania
flock,co
affected,bardzo
amends,co
admittedly,co
guess,powinienem
mistress,co
briefly,krótko
longest,ponieważ
bitten,ponieważ
province,ponieważ
improbable,ponieważ
married,ponieważ
intend,ponieważ
cleanser,ponieważ
combing,ponieważ
weak,ponieważ
exams,ponieważ
mrs,pani
bread,ponieważ
add,ponieważ
description,ponieważ
choked,ponieważ
minimum,ponieważ
stomachs,ponieważ
dripping,ponieważ
untangled,ponieważ
hider,ponieważ
stored,były
index,środka
brief,różnych
pockets,były
buckets,były
tales,były
girlfriends,dziewczyny
racks,moje
panties,moje
fountain,wieczne
sugar,truskawki
worthy,moje
entrusting,moje
eighteenth,urodziny
forbidden,wolno
orders,każdy
slow,wolno
self-defense,tej
check,nas
honor,posiłek
outer,tej
ailment,tej
author,tego
receiving,porze
call-up,margot
fallen,pomieszało
cautious,więc
stock,więc
maintain,czuję
relationship,więc
onward,pogrążyłem
problem,petera
continued,siedziałem
charlotte,prowadzi
puts,swoją
sarcasm,swoją
adding,przed
mortified,przed
eight-thirty,trzydzieści
territories,wszystkich
contradict,przed
stare,przed
crouches,przed
looms,przed
secretly,rozmawiamy
circles,kiedyś
liberated,przed
hitler,wrócić
calisthenics,już
taller,już
ailments,już
flush,toalety
party,przyjęcie
finns,już
depths,rozpaczy
como,gdzie
hurry,prawie
welcomed,powitał
legs,dussel
hopping,nogi
juice,trochę
whit,trochę
affect,trochę
t,trochę
gym,po
soup,zupy
firm,płacić
third,po
pats,po
exchanges,po
saboteur,po
merely,jestem
eleven-twenty,po
p.m,wieczorem
tail,po
robbed,po
job,która
fourth,roku
underpants,kalesony
judge,ich
clamber,po
thank,dzięki
streamed,po
grabbing,po
paced,po
pulled,płaszcz
silently,po
seven-fifteen,siódmej
stripped,ostatniego
mama's,zmiany
comments,nietaktowne
corset,mamy
fortunate,szczęście
anniversary,mamy
families,zamknięte
afterward,potem
duck,potem
washed,wczoraj
carrots,potem
night-light,potem
shouting,żeby
lazy,jeden
fever,żeby
tightly,mojego
smoke,muszę
bare,żeby
kleiman,kleiman
sometime,żeby
remind,żeby
story,historia
pan,którą
serving,którą
accountable,którą
perhaps,może
pill,może
credit,może
kale,marynowanego
principles,może
brotherly,może
keg's,może
milkman,mleczarz
hatred,może
sanitation,może
providence,może
zealand,jednym
moaning,z
farm,z
resort,z
ferryman,z
speak,rozmawiaj
schiff,schiff
creature,z
assistants,z
linoleum,z
spacious,z
leads,toalety
brush,ojca
keg,zauważył
month,wydarzyło
wood-stained,z
admired,z
naturally,oczywiście
outgrew,z
explode,tego
pipes,z
handled,z
bag,mogli
assume,mieszkańców
goethe,z
surely,z
risen,z
broadcasts,wiadomości
comparison,z
generally,wszystkiego
menorah,z
runny,z
gazing,jego
worn-out,buty
dangling,z
dragged,gestapo
seething,wściekłości
contempt,matki
churchill,churchill
agreement,tylko
sneeze,z
anxiously,z
chamomile,z
hemorrhaging,z
bags,z
starving,z
benjamin,z
ulcer,będzie
bicycles,rowerach
henry,henry
disagree,z
fade,z
springs,petera
returning,z
suspicious,podejrzanie
breathes,z
speaker,z
wringing,z
dearly,z
potato-peeling,z
kettle,wspaniały
disappears,znika
broadcast,transmisja
wastepaper,petera
ankle,z
dextrose,z
stems,z
owing,ze
rags,z
rescue,z
beer,która
affectionate,z
embarrassment,z
individuals,z
faded,znów
dance,patrzeć
butchers,z
wartime,z
pack,z
lookout,kąpieli
male,członkowie
concentrate,z
scene,miejsce
run-in,starcie
examined,z
quarters,z
overwhelming,myśli
disappeared,rodzice
outgrown,z
daans',pokoju
mashed,puree
secretary,z
patients,swoich
chased,go
breathed,powietrzem
seethed,z
girl's,z
trembling,wciąż
worries,z
potato,z
dumplings,z
renewed,z
began-machine,z
gratefully,wdzięcznością
typewriter,sejf
met,jeszcze
pinewood,z
peeked,z
appraiser,z
accept,goslar
due,z
involving,z
jar,ciasteczka
cap,czapka
delivery,z
pride,z
stead,z
250,z
d'oeuvres,z
roast,z
contacts,z
foreign,słowa
various,różnych
struggling,z
assessed,z
cells,koncentracyjnych
holiday,święta
pentecost,pięćdziesiątnicy
yours,pozdrawiam
groans,z
biomalt,z
nervously,z
berries,z
realizes,sprawę
unfortunately,niestety
fish,czterdzieści
lovely,uczucie
bouquet,jeden
lipstick,róż
storeroom,kilka
scored,kilka
destroy,cierpienie
organ,kilka
clean,kilka
couple,włamywaczy
roses,piwonii
wore,kapelusz
blouse,butelkę
game,monopol
almelo,który
fogey,który
westertoren,zostały
owner,więcej
guilder,guldenów
bark,zrobić
ripped,który
saved,który
nightmare,który
united,który
smeared,który
sketch,który
clergyman,który
weekend,który
officer,przyszedł
eefje,moim
stumbling,moim
grape,smakuje
cools,końcu
doubts,wątpliwości
puzzle,powiedzieć
sacrificing,słoik
2.50,"2,50"
costing,guldenów
150,guldenów
33,guldenów
6.50,guldenów
40,guldenów
7.50,guldenów
400,guldenów
butter,guldenów
mistake,matki
bookmark,dwie
leaning,dwie
lids,dwie
gift,książki
chocolate,książki
details,książki
notes,książki
detective,książki
accepted,też
pencil,też
awkward,wiem
leny,książkę
slammed,książkę
nighty,książkę
bedroom,sypialnia
moodiness,margot
approving,margot
praising,margot
desire,margot
defense,margot
wearing,sobie
spoiling,margot
according,według
bracelet,margot
heater,margot
goof,ma
thus,ma
revered,ma
shame,właśnie
toes,ma
twenty-seven,siedem
hungry,możemy
lilla,ma
bep',ma
confided,swoje
double,swoje
souls,swoje
piled,swoje
returned,wrócił
satisfy,swoje
diligently,powrotem
practicing,swoje
copybook,swoje
owes,swoje
enormously,dobrze
else's,innego
expenses,domowych
boxes,strychu
sketches,które
panes,które
sheer,które
wounds,swoich
thongs,które
authorities,również
hairs,które
sagging,które
swearing,które
cowardice,które
expressed,które
low,które
childhood,które
repeating,które
slippers,które
sixty-five,które
star,które
seventeen,które
peeled,które
twenty,dwunastej
countries,które
causing,które
villages,które
provided,oczywiście
refers,oczywiście
instantly,natychmiast
sam,sam
somewhere,gdzieś
title,ten
excited,sam
self-made,sam
gained,funtów
heaps,mnóstwo
suspicion,mnóstwo
scads,mnóstwo
lack,cukierków
tart,mother
episcopal,list
rages,samą
dinnertime,porę
reveal,był
tongue,jestem
backside,był
overflowing,był
smell,był
program,był
sex,powiedział
who'd,którzy
largest,był
beethovenstraat,był
owned,był
thumbs,tylko
praised,tylko
station,tylko
language,tylko
lists,tylko
pay,tylko
firemen,tylko
caused,tylko
politics,historii
exterior,tylko
eats,tylko
underwater,tylko
fellowship,tylko
only',tylko
live,spokojnie
arrested,tylko
shown,tylko
think-the,tylko
sooner,wcześniej
needed,szczęście
sad,zewnątrz
hanneli's,hanneli
loudly,poszliśmy
schooldays,szkoły
hips,podczas
supplies,podczas
winter,zimowych
external,podczas
hole,podczas
recess,przerwy
peel,przerwy
mothball,ciasteczka
molasses,ciasteczka
daydream,czas
although,chociaż
nights,później
late,myślę
architect,aby
proposed,różne
exercises,głupie
peroxide,aby
begging,aby
cereal,gorąco
humane,aby
feigned,aby
familiar,cały
trusting,aby
admonitions,aby
miles,aby
land,żołnierzami
uncertain,domu
alfred,domu
five-thirty,trzydzieści
lit,dziesięć
classmates,klasy
promoted,klasy
classes,klasy
intervened,wziąć
folks,wokół
unpredictable,będą
sleegers,sleegers
wars,będą
drop,zobaczyć
types,będą
everybody,wszyscy
pressure,wszyscy
danced,wokół
neatly,wokół
winds,wokół
circle,próbując
peaceful,spokojnie
blab,wszystkiego
tremendous,wszystkiego
fifth,urodzin
sanne,sanne
swing,tam
pacing,tam
walls,zewnętrznych
argument,cokolwiek
sketched,była
conversation,rozmowy
risks,była
disagreed,była
pleasure,była
ilse,ilse
wagner,wagner
richard,wagner
jacqueline,jacqueline
bowls,van
daan's,van
daan,daan
daan',van
reexamine,van
yelled,głośniej
joked,van
album,van
kindly,kiedyś
refrigerator,ze
straightening,ze
angrily,złością
centipede,ze
gaze,miłość
kids,dzieciaków
plain,prostu
library,informacje
completes,ze
swimming,ze
shake,ze
scraped,ze
remove,usunąć
falling,człowiek
hidden,ukrytych
marry,matkę
looming,mną
unsure,jesteśmy
shines,jesteśmy
inwardly,jesteśmy
visitors,boche
housewives,byli
policemen,byli
amused,moimi
necessarily,najlepszymi
science,ludzie
nations,ludzie
14.00,ludzie
decent,człowiek
throng,którzy
paradise,którzy
wardrobe,którzy
amsterdammers,którzy
meager,którzy
grandmother,babcia
degrees,nas
throw,niczego
entertaining,nas
somewhat,nieco
cheating,nas
hopefully,nas
dealt,nas
mice,nas
attitude,mieszkańców
us-the,nas
loss,strata
mocking,dzień
fills,nas
oppressed,najbardziej
drive,doprowadziło
stitched,razem
ate,zjedliśmy
grew,razem
embellishing,razem
peacefully,razem
arm,ramię
longing,tęsknota
nap,dołączył
walks,chodzi
volume,biografii
build,życie
selected,inne
occasionally,czasami
aunt,wspaniałą
brooch,ciotka
1943,1943
stephanie,ukochaną
upside,góry
carrying,dziś
early,wieczorem
tonight,wieczorem
a.m,rano
veritable,rano
fewer,mniej
wonderfully,cudownie
resent,miał
impatient,takiego
rin,rin
dog,jego
handed,ubrań
opekta',go
11,listopada
infuriating,go
repair,go
rubs,go
nobody,nikt
valued,go
unexpected,go
lost,ostatnie
clinging,go
sight,szczęście
watched,go
honoring,go
needs,potrzebuje
marrying,małżeństwie
boldly,śmiało
barely,ani
accuse,pima
copied,go
grows,rośnie
loggerheads,sobą
discomfort,sobą
preoccupied,sobą
order,dodatkowe
ear,przy
firmly,jestem
indifference,zbytnio
onto,pokoju
narrow,siedzieliśmy
dust,pokoju
locking,pokoju
peeling,ziemniaki
send,pokoju
retreat,pokoju
disappear,pokoju
guests,pokoju
homework,pokoju
skirmish,lub
englishman,lub
verbs,głowy
accusation,lub
stamping,lub
downtown,centrum
thousand,lub
noble,szlachetni
murdered,lub
consciously,lub
turnip,lub
dull,nudne
lettuce,sałata
dentists,lub
scheduled,poniedziałek
flash,miałem
strangest,rzeczy
meat,rzeczy
high,rzeczy
imaginable,rzeczy
cushiony,rzeczy
slide,mojej
family's,mojej
sorting,mojej
slacks,mojej
rampant,szkole
daylight,myślę
catty,taka
flooding,taka
captain,mieszka
obscure,ulicy
horns,ulicy
west,także
indignant,nikt
specimen,nikt
highly,zwłaszcza
treating,bardzo
request,bardzo
bombed,bardzo
jittery,bardzo
shooting,bardzo
accommodating,bardzo
collection,bardzo
messy,bardzo
utterly,absolutnie
shivering,bardzo
watering,bardzo
bode,dobrze
photograph,dobrze
gloves,dobrze
well-bred,dobrze
particularly,szczególnie
dread,sobie
poems,niewiele
imagining,wyobrażam
discussions,sobie
imagined,sobie
burglar,poszedł
gradual,sobie
remembered,rzeczywistości
twilight,sobie
cope,sobie
pinned,sobie
exuberant,sobie
i’m,dlatego
apologies,dlatego
why-no,dlatego
chemist,pracuje
cleaning,sprzątaczka
honors,mądra
mysterious,dość
fairly,czytać
well-off,dość
supposedly,rozmów
cup,prawdziwej
jopiej,jacque
expect,będzie
operation,będzie
secure,będzie
weight,będzie
plumber,będzie
operated,voskuijl
adrift,nich
road,nich
congratulations,nich
prettiest,dziewczyna
passion,dziewczyna
gossip,która
anti-mussolini,która
cranking,która
shoved,szybko
boat,która
jokes,zawsze
suffered,zawsze
spindly,zawsze
articles,zawsze
justice,zawsze
intimate,zawsze
discovers,za
yearning,za
using,pieniądze
hired,dziecko
tongues,za
definitely,zdecydowanie
considers,ten
purchased,została
bills,za
destruction,całe
naughty,za
willing,chętnego
unfolded,za
voices,usłyszeliśmy
round,dziewiątej
325,za
slam,za
repercussions,za
compensated,za
loot,za
kid,przestał
reward,jej
thread-90,za
enemy,za
enduring,za
goat,za
assigning,zadają
contained,jej
girlfriend's,jej
hearing,słyszałem
envious,jej
bruised,jej
harsh,jej
advised,peterowi
sniff,poczuję
kittens,kocięta
triumphantly,jej
bram,którym
attacks,jej
teapot,jej
coffee,ziemniaki
similar,jej
husband's,jej
g.z,gz
admirer,moglibyśmy
zipper,dużo
kleiman's,kleiman
touching,twoich
toying,włosów
eva's,mówią
occurrences,porządku
tidy,ja
selves,ja
i’ll,ja
beam,ja
blew,ja
pest,ja
withstand,ja
henny,henny
beyond,można
half-cooked,poza
square,tym
viewpoint,tym
egg,tym
minister,słyszeć
lapse,tym
stench,tym
rained,tym
dwelling,tym
skip,tym
whiz,tym
relied,tym
rub,tym
lasts,tym
huge,zamieszanie
addition,tym
coughed,głośno
booming,głośno
alas,niestety
escaped,niestety
approve,dziewczynę
named,voskuijl
influence,pod
complained,narzekałem
overlook,niewdzięczność
throwing,całą
joy,nastąpiło
herding,całą
detestable,podstępna
two-faced,plotka
reflects,myśli
grown-up,dorosłych
lugging,pod
positioned,pod
beneath,pod
harm,nic
maid,panna
moscow,musi
schoolgirl,musi
crown,mieć
exceeded,rację
closet,bieliznę
sating,najbardziej
pull,najbardziej
china,naszej
adorable,ojciec
kidneys,są
branded,są
numbered,są
required,zobowiązani
exhaustion,są
emancipation,są
students,wyszli
curb,są
stamps,są
occur,są
touchy,są
brewing,są
impasse,są
doled,są
holidays,minęły
grown-ups,dorośli
progressive,są
candid,są
stolen,ukradli
corners,są
songs,są
estimates,są
rotting,są
win,walkę
large,zakupy
drains,biurowej
cares,ani
unintelligent,są
heroes,wolność
fame,są
race,są
linings,są
believes,uważa
education,szczęście
condemn,siebie
grin,znieść
choosy,wybredna
finicky,potrafi
experienced,czegoś
teach,tego
hugging,ją
lumbers,łóżko
rhyme,ją
comforted,panią
misjudged,ją
situations,ją
greet,ją
swift,wyzwolenie
unpleasant,nieprzyjemne
heading,zwykle
purses,torebki
declared,chociaż
beforehand,wcześniej
flashlight,włamywacze
facing,naprzeciwko
eight-fifteen,żebym
blankets,głowę
magnificent,relację
rate,wystarczająco
percent,procent
civilized,ludzi
lines,ludzi
nation,ludzi
captured,ludzi
relates,opowiada
blabs,matce
moms,ostatnio
nannie,nannie
tight,zamknięte
weapon,mała
fascinating,zabawna
sensible,znacznie
perfection,sprytna
acquaintance,więcej
removing,więcej
arts,więcej
beating,powiedzieć
duty,powiedzieć
de',de
pas,calais
honore,de
glorious,wspaniały
comfy,chociaż
preparations,chociaż
expectation,chociaż
promised,chociaż
thirty-six,lat
sixteen,szesnaście
thirteen,świecie
forty,puszek
fifty-five,lat
helpful,przyjacielskim
tools,naszej
proof,mieliśmy
refused,naszej
moneybox,naszej
1941,rok
vegetable,tego
method,tego
sample,tego
reminder,tego
considering,tego
recognize,kobiety
hates,tego
necking,tego
proved,tego
regardless,niezależnie
waver,tego
repeat,powiedziałem
knocked,peter
latter,ostatnia
extensive,chłopcach
removed,wszystkie
deed,można
flannel,można
specified,można
despair,kiedykolwiek
fascists,wielu
fate,wielu
admiration,wielu
filthy,takich
crisscross,umysł
pale,papierosów
wildly,we
nasty,odkryje
out-and-out,zakochany
loathe,ziemniaki
sniveling,ludzkości
foolishness,okropnie
awfully,okropnie
eminently,odpowiednie
suitable,odpowiednia
runs,również
clerk's,również
writes,również
beer's,jopie
canoe,jopie
trains,absolutnie
suffocate,absolutnie
girl-crazy,dziewczyną
leo,leo
hotel,został
pilot,został
truce,został
faucet,został
world's,został
cleans,swój
shoe,swój
heroism,swój
assumed,zostało
montessori,montessori
skipped,klasę
goofy,chłopak
good-looking,przystojny
dark-haired,chłopak
panel,połowie
1938,roku
smarter,roku
summary,roku
year's,roku
sewing,cała
biased,rodziny
jacques,jacques
kocernoot,kocernoot
mouschi's,mouschi
strolling,my
wretched,my
we-by,my
whoever's,śmiać
swear,śmiać
pie,miły
cissy,wszystkie
umpteenth,wszystkie
joking,wszystkie
record,wszystkie
squander,wszystkie
polite,jestem
flattering,zbyt
inconceivable,wydaje
liszt,wydaje
unrest,jeden
resembled,jeden
incident,incydent
cents,centów
jew,jeden
tough,wytrzymać
no-good,bachor
brat,wychowany
writing's,pisanie
receive,dziewczyny
tattered,wcześniej
earlier,wcześniej
goose,nic
grouchy,wtedy
crossword,nic
spoon,nic
inhabitants,także
'later,później
hockey,ani
gardens,ani
tolerate,petera
trace,ani
uttered,ani
support,ponownie
storms,ani
marketeering,inny
radical,cóż
agitated,jeszcze
mythology,zwłaszcza
crush,jeszcze
digging,jeszcze
else?-food,jeszcze
groom's,jeszcze
handful,jeszcze
destroyed,jeszcze
shorter,jeszcze
demand,papier
mature,byłem
wanting,położyć
millions,dnia
larger,niż
shyer,niż
gossiping,niż
restless,musiała
tighter,niż
farther,koniec
courageous,odważnym
someday,pewnego
approaching,pewnego
daytime,nasze
kerli,kerli
thunder,dnia
petrified,byłem
apron,przygnębiony
geography,historia
sixteenth,prawo
snoring,czy
attracted,czy
genitals,czy
phillips,czy
magazine,czy
chin,zostać
grim,zostać
rose,wyjść
brooding,rozmyślając
blots,zeszytu
prompted,przede
concepts,zupełnie
disagreement,sama
ruins,rodziców
approximately,około
~,około
tampons,mogą
stations,mogą
liable,zmienić
joys,jego
tear,oderwać
criticism,oderwać
superior,wieloma
adoring,wzroku
unconsciously,czasami
artists,muszą
imaginations,uciekać
frozen,uciekać
pocket,rzucić
mirror,wyglądała
lump,okiem
aunts,dobry
engines,dom
nutrition,oprócz
frame,mojego
excellency,jestem
raptures,jestem
exaggerate,jestem
intelligent,jestem
know-it-all,jestem
farting,mówienia
prudish,sprawach
capable,zrozumieć
ill,stanie
fix,stanie
incidentally,moja
fault,holendrów
cities,każdym
meows,każdym
imagination,wyobraźnia
enhance,wzmocnić
long-awaited,długo
invasion's,długo
struggled,otwierać
long-pondered,długo
won,rozmawiając
jot,dzienniku
facts,wystarczająco
abandon,większość
raining,większość
mumble,słowa
plunge,przedstawię
sort,życia
resolve,robić
developed,mój
common,człowiek
fondle,mój
succeed,mój
gosh,mój
stroll,ojciec
main,ojciec
pattern,ojciec
coincidence,ojciec
rejected,ojciec
kewpie,ojciec
defending,ojciec
shavings,ojciec
quote,powiedzenie
absurd,absurdalne
punched,ona
twenty-one,dwudziestu
twenty-five,dwadzieścia
grab,poduszkę
killed,pięciu
outweighs,nad
ponder,nad
hangs,nad
lowest,nad
alkmaar,nad
banister,nad
self-confidence,nad
maps,holandii
reaches,holandii
1933,1933
managing,odkryć
director,holenderskiej
branch,firmy
gies,gies
opekta,opekta
break,mama
strain,mama
bourgeois,mama
snuck,nim
positive,zostaliśmy
basis,naszą
december,27
plunked,stół
covered,pokryty
darn,jako
emerged,wyszedł
tender,zacząłem
irritable,dlaczego
amusement,pani
notepad,pani
occasion,pani
glinting,byliśmy
farewell,żydowskiego
playing,nasze
recognized,nasze
bedside,nasze
fears,trudności
shaded,nasze
junk,nasze
bundles,nasze
outlook,spojrzenie
blows,życie
fifty,pięćdziesięciu
adored,było
a-half-year-old,było
"20,000",było
relatives,daana
sag,powodu
series,antyżydowskich
anti-jewish,praw
laws,hitlera
brothers,matki
personalities,matki
chickens,matki
nerves,matki
abduction,matki
fled,uciekł
refuge,bezpieczne
watches,babcia
seventy-three,siedemdziesiąt
powdered,trzy
vitebsk,trzy
shuttling,lata
nothing's,dobre
hook,najpierw
war's,wojna
german-occupied,niemców
sirens,zaczęły
sprained,kłopoty
drenthe,żydów
plight,nasza
paint,nasza
friendship,przyjaźń
beloved,westertoren
clothing,została
festivities,została
item,została
aircraft,została
hague,została
severely,poważnie
describes,szereg
wear,ubrania
nearest,drewnianych
street-cars,ulicach
passersby,ulicach
cars,nawet
stupidest,nawet
interrupt,nawet
lonely,samotny
disturbed,nawet
counting,nawet
newspapers,między
jewish-owned,żydowskich
knees,wychodzić
attend,maniery
diversions,rozrywki
pointing,ich
errors,ich
announcements,ich
clutches,ich
theirs,ich
attentions,ich
descent,ich
citizens,ich
sympathizers,ich
guard,zewnątrz
enclosing,ich
noted,ich
straighten,pokój
acquaintances,znajomych
cause,zrobić
disinfectant,zrobić
intends,zrobić
bumping,dalej
'cause,obawiam
fierce,walki
combat,walki
died,dziadka
consolation,często
putti,putti
pity,często
hem,nadal
emperor,nadal
complaints,narzekania
undershorts,miały
knee,babci
lead,dziewczyny
straightaway,razu
shushes,razu
appearance,peterem
softly,cicho
nonflushed,matka
offensive,matka
cynical,matka
players,ping-ponga
limbering-up,kilkoma
chatty,innymi
odds,innymi
correspondence,korespondencyjny
appointment,dentysty
jealousy,daana
dental,dentystyczny
height,u
alongside,u
supplement,pięć
bridgehead,mały
minus,dwa
sigh,czasu
pectin,dwa
yogurt,petera
club,hokejowym
johnny's,małego
stars,godziny
muses,siedem
marries,siedem
labia,znajduje
wagners,pozwalają
transportation,transportu
lends,nam
occurred,nam
envies,nam
reproached,nam
supplying,nam
roam,dużej
collar,gorąco
games,kończą
tirades,kończą
ceased,dawno
killers,czasu
slip,czasu
spending,czasu
spends,czasu
spoke,powiedział
escape,znaleźć
files,znaleźć
committed,młodych
depart,mężczyzn
system,mężczyzn
members,naszego
baker,znajomego
plumber's,ciągu
soles,tygodnia
startled,zaskoczony
exaggerating,mówię
athletic,młodym
mere,przypadku
comical,strony
particular,książka
penetrate,ten
choose,wybrać
fairy,ten
errand,chłopiec
chatting,rozmawiać
chase,rozmawiać
unspoken,rozmawiać
gasping,dziewięć
creaked,razy
thousands,razy
postponing,dziesięć
proud,właścicielka
contented,być
respected,być
longs,być
kindred,być
premises,miejscu
passionate,jego
kugler,kugler
trousers,jego
wishing,jego
gist,jego
smack,jego
wrath,jego
hesitate,jego
stray,jego
bashful,jego
precautions,jego
successor,jego
created,jego
soldier,jego
lepers,zwłaszcza
possesses,zwłaszcza
glances,ojca
pleading,spojrzenia
sullen,spojrzenia
dismayed,spojrzenia
blithely,beztrosko
ill-mannered,źle
begged,ojca
nuisance,ojca
dungeon,ojca
urging,ojca
nineteenth,ojca
falls,człowiek
of-what,czym
comic,czym
avoids,temat
teasing,czasach
modern,holenderska
uncommunicative,typy
kisses,południe
sharing,dzielenie
stork,wyciągnął
restore,je
straightened,je
boiling,je
movements,trzymaj
deliver,drzwi
solid,niderlandzkim
reinforce,drzwi
iron,drzwi
officials-they're,albo
sensibly,zachowuję
footing,zachowuję
insulted,odwróciła
displeases,im
sold,bez
purchase,rynku
perspective,bez
likely,wydawało
pet,bez
unanswered,bez
laborer,bez
experiencing,tutaj
excitement,tutaj
meeting,którym
cupboard,którym
official,którym
encouragement,kto
car,kto
quit,kto
flies,kto
grumble,zakłady
b's,dwóch
b+'s,dwóch
countryside,wakacji
outbursts,wybuchy
jumping,jednej
exists,istnieje
enemies,ziemi
fly,kierunku
all-the-other-girls,dziewczyny
vermin,którego
spirit,mężczyzny
governs,wszystkimi
emphasis,kobiety
imply,kobiety
woes,kobiety
century,kobiety
keesing,keesing
employee,stary
whichever,uczy
teaches,matematyki
incorrigible,gaduła
future,szczęście
rearrange,będę
jotted,zadanie
assignment,włożyłem
towel,nocnik
craze,wieczoru
paid,zwróciła
mound,czubek
eternal,wiecznego
chewing,pióra
pouring,każdy
roll,popielniczka
saving,każdy
wilhelmina,każdy
ramble,wędrować
religion,religia
circuit,nagle
hippopotamus,przyszedł
wrinkle,głowy
dizzy,głowy
select,głowy
stomachache,głowy
blank,książeczki
leafed,strony
damage,strony
ability,strony
mid-seventies,mr
domestic,pomoc
admirable,cecha
persuaded,by
tendency,by
budding,by
free-time,zajęcia
roads,drugi
projector,pan
package,pan
'quack,znachor
"quack,'",znachor
about',''
'lotje,''
'he,''
chatterback,powiedziała
piercing,prawie
repeated,dussel
parental,prawie
okay,dobra
verse,każdej
swan,małymi
ducklings,ugryzł
burned,śmierć
unsuccessful,podjął
trip,własne
one's,własne
sweltering,upalnie
puffing,aw
crossing,wybrzeże
charles,muszę
aware,zdaję
respond,wystarczająco
teased,wczoraj
events,wydarzenia
dentist,skończył
dozed,zasnąłem
mode,transportu
sidelines,jaki
document,jaki
israelkade,zabrał
thanks,dzięki
coupon,bogu
settled,tu
kilter,tu
cooped,zamknięty
forty-five,czterdzieści
wilma's,wilmy
biographies,nudne
rummaging,podszedł
silberberg,silberberg
paused,zanim
whizzes,zanim
thirteen-year-old,zapytał
nick,mu
compensate,mu
bright,jaskrawoczerwona
manages,mu
thanked,peterowi
disturbing,przeszkadzać
miscellaneous,różne
leading,różne
bizarre,historie
thunderstorm,znowu
grouching,znowu
hurried,znowu
strip,znowu
skates,1
south,1
19,listopada
26,lipca
two-year-old,cały
throughout,całym
conflict,cały
suppressed,cały
seldom,mieliśmy
enormous,ogromną
goslar's,rodzice
winded,nudna
diversion,czymś
copper,rodzaju
sports,rodzaju
lowenbachs',wiesz
adolescents,wiesz
phoned,zadzwonił
answered,odpowiedział
pathetic,telefon
path,on
likelihood,on
say-so,on
unselfishly,powiedział
chattering,powiedział
eisenhower,powiedział
hi,cześć
hereby,przepraszam
picking,minut
unsightly,włosy
comb,włosy
smashed,okno
presented,podarował
anti,pojawił
cautiously,schodach
elephant's,schodach
tiptoeing,schodach
till,aż
contradicting,aż
cautioned,żebym
cruelly,wiedziałem
tiny,fasolę
whirl,kręci
plane,pobliżu
boom,jakby
"organ,'",prawda
good-night,prawda
fashioned,pomysły
ferret,potrzebuję
thrusting,oni
urgently,potrzebują
invalids,widzisz
stinking,bałagan
geschlechtsteil,oznacza
heavily,niedzielę
fair,miłości
flirting,peter
invited,peter
vanished,peter
results,raz
confidence,poczułem
hat,ojcem
essen,herbatę
unexpectedly,usiąść
shock,naszych
brighten,naszych
alienated,naszych
seating,naszych
drained,naszych
jeopardy,dziesiątą
patrolling,ósmą
madder,bardziej
luckier,bardziej
sensitive,bardziej
contemptuous,bardziej
pushier,bardziej
lonelier,bardziej
dogs,drzwiami
appropriate,odpowiednie
handsome,przystojny
raving,wszystkich
charmed,wszystkich
recounting,wszystkich
bravest,wszystkich
abandoned,wszystkich
hand's,wciąż
admiring,wciąż
revolt,przeciwko
kissed,pocałował
meaningless,uczucia
paths,drogi
dh,drogi
egotistical,coraz
clown,jedno
tooth,d
display,inni
seasick,inni
insists,dopóki
healthy,szczęśliwy
altogether,szczęśliwy
barbaric,prostu
favors,prostu
moody,prostu
conversely,odwrotnie
reacts,odwrotnie
good-hearted,biednym
child-rearing,dzieci
slum,dzieci
hordes,dzieci
bible,dzieci
pampering,dzieci
beget,dzieci
p,p
persuasion,przyjąć
major,choć
geometry,holenderskim
younger,zrobił
tumultuous,dzień
0,dzień
shout,krzyczeć
weigh,trudności
huffy,rozdrażniona
expects,spodziewa
composer,dziecka
gruesome,okropne
oranges,kleiman
occupant,kugler
co.'s,&
experts,przypraw
amazement,temu
dam,placu
mountains,świata
traits,dlaczego
hoeven,hoeven
answering,odpowiedział
enjoyment,ludziom
apparel,ubrania
undernourished,ubrania
stinks,jedzenie
food's,jedzenie
purposes,niemcy
belongings,miep
companionship,ciesz
existence,życiem
somber,ponure
dismal,ponure
rings,dzwoni
doorbell's,dzwonek
cared,świat
lazily,słońcu
presumably,mężczyźni
hulling,kuchni
appeared,pojawiła
distraught,pana
placing,pana
'remember,pana
overcoat,pana
lemon,podekscytowany
linnaeus,pana
stunned,oszołomiony
gingerly,głowę
scarves,głowę
lays,głowę
prisons,więzieniach
comfortable,mogliśmy
pleasantly,przyjemnie
clucked,czekając
griping,daana
devout,jutro
tomorrow's,jutro
1919,daans
triumphant,daans
internal,sprawy
crazier,sprawy
suspense,napięciu
stubborn,ciszy
perfect,stenogramy
lulled,ponownie
reappearing,ponownie
refrain,powstrzymać
resist,powstrzymać
restrain,powstrzymać
tempted,środka
tiptoe,palcach
tiptoed,palcach
toed,palcach
floors,dół
aspirins,sprawdzić
thirties,najwyraźniej
cowards,powinniśmy
aged,których
promises,których
organize,których
topics,których
handkerchiefs,chusteczki
fragrant,nosa
memories,wspomnienia
doctors,lekarze
prinsengracht,miep
accounts,miep
hiding-miep,miep
night~,nocy
ski,butów
jackets,pończoch
ceiling,pończoch
temperance,nasz
rented,duży
peace-loving,pokój
tolerant,pokój
goldschmidt,goldschmidt
"goldschmidt,'",goldschmidt
divorced,mężczyzna
humbled,pomimo
hints,kręcił
bout,kolejny
st,kolejny
twelve-thirty,dwunastej
striking,trzydzieści
stew,własnym
folding,łóżku
bed-chills,łóżku
ocean,łóżku
midnight,obudziłem
dreamer,wieloma
layers,wyglądało
undershirts,podkoszulki
pairs,pary
jacket,powietrze
sweater,spódnicę
raincoat,płaszcz
gray,płaszcz
maturing,czuję
drawing,czuję
safer,czuję
phones,rozebrane
firebomb,łóżka
shifted,łóżka
disagreeable,łóżka
fairness,życzliwie
visible,twarzach
discontent,twarzach
loaded,wypełnione
calmly,spokojnie
attack,miesięcy
thirteenth,wezwania
prime,musiał
mothjr,musiał
bend,górę
greets,górę
threaded,górę
nagging,trudne
tricky,trudne
hell,trudne
ashtray,panie
hanukkah,chanuka
year-old,imieniem
typist,bep
says',bep
rations,bep
disappearing,bep
voskuijlleft,voskuijl
imitate,bepa
dipping,magazynie
thumb,powiedziano
here's,oto
workroom,podzielony
describing,części
groups,takich
entrance,wejście
high-ranking,biura
hooks,tuż
steep,schody
stormed,schodów
laboratory,kuglera
briefcase,kuglera
noisier,zewnątrz
sauntered,długi
raking,węgiel
zaniest,cztery
bottles,godziny
gas,łazienka
staircase,prowadzą
slapped,uderzyła
storage,przedniej
proper,holenderski
flight,kostkę
law,prawo
behinds,tyłu
gnawing,środku
flowing,środku
fleshy,środku
england's,obowiązkiem
serves,rodzina
smaller,sypialnia
washroom,toalety
appear,takim
contains,zawiera
stearin,piec
diet,aneks
adore,historię
languages,francuskim
shirts,drewnianych
descriptions,aneksu
leaving,zostawiając
advance,znacznie
crossed-out,słów
roles,zostały
rubber,zostały
batteries,zostały
recent,ostatnich
prefer,spać
mass,iść
utter,zamieszaniu
movement,pokazać
sexual,rodzinie
substantial,posiłku
chained,miejsca
sunup,słońca
ray,słońca
sing,słońca
adventures,aneksie
contemplative,aneksie
"11,000",11
devotes,godzinę
phase,sądzę
avoided,patrzenia
unnoticed,miejsce
shove,miejsce
eighth,ukrycia
postcard,pocztówkę
exuberance,oraz
denmark,oraz
exciting,trywialne
total,udało
board,policja
eaters,zupę
grouped,radia
norway,anglii
someone's,ktoś
coughing,ktoś
parachuting,ktoś
creak,ktoś
literally,dosłownie
flew,powrotem
soggy,powrotem
greatly,czytanie
plates,pozostaną
oppressive,cisza
cruelty,cisza
gladly,oddałbym
secrets,pomocników
loads,silny
compote,truskawek
cherries,puszkach
prayer,ręce
hats,2
bake,masłem
exclaim,każdego
ballet,każdego
salt,każdego
wind's,dzisiaj
broke,jedną
shore,przeciwnym
scarcity,wyraźnie
contact,tygodni
alluded,tygodni
notebooks,zeszyty
metamorphosis,wojny
years',wojny
dangerous,niebezpieczne
heart-to,sercem
borrowed,głos
memorized,głos
4,marca
7,października
half-and-half,pół
350.00,pół
21/2,godziny
permanent,tapczanem
considered,trzech
prince,jedną
overlooked,jedną
milk,funtów
quotes,notatnik
frank's,biurko
maastricht,maastricht
stationed,maastricht
pretended,​​nie
burn,warzyw
rustle,papieru
tall,wysoki
snooty,oficer
recall,pamiętam
franks,przychodzą
singly,przychodzą
maastricht.',wyszedłem
economics,angielskim
easygoing,niezwykle
fifty-four,czterech
pangs,domów
fastening,regał
hinges,otwiera
bumps,krzeseł
shorn,głowami
foreheads,niskie
varies,zmienia
goad,kłótni
treats,traktuje
rousing,wykonania
dope,narkotyk
smoked,jednego
chains,jednego
hypersensitive,leniwy
cunning,leniwy
rare,patrzeć
highness,wysokość
vigorous,wysokość
caked,narzekała
aches,bóle
headaches,bóle
pains,sercu
communal,szafy
examples,przykładem
kettles,używamy
nicely,zapakowane
beautifully,zapakowane
packed,walizkę
fatal,wypadki
stirring,zupy
bungled,śmiałbyś
five-volume,książka
preferred,zachować
helplessness,zachować
hardest,zachować
ignored,ignorować
recommended,tę
apply,dotyczy
dead,zabitych
formula,tę
push,tę
subsided,natychmiast
puddle,natychmiast
reaction,piotra
sorrier,piotra
son's,syna
bookends,książek
rules,zasady
treasure,skarb
stupidly,zapomniał
stepped,wszedł
leapt,dokładnie
snatched,zasięgu
morsel,kawałek
weekly,wiadomości
beg,chleba
disparaging,ukochanego
adamant,nieugięty
preserve,gdyby
halfway,zszedł
hodgepodge,wiadomości
chew,wiadomości
typical,załączniku
hurls,strzały
shots,strzały
switch,światło
behavior,zachowanie
glow,otwarte
unsealed,otwarte
worldly,członkowie
explicit,kontyngentu
built,drewnem
handy,żywność
secrecy,ta
consideration,ta
raise,powietrze
stale,powietrze
underneath,powierzchowną
shelf,ładny
applies,pewnością
bluff,pewnością
butter's,zniesienia
continually,ciągłe
impenetrable,próbując
sticky,mycia
half-filled,zostawia
marxveldt's,cissy
marxveldt,marxveldt
doctor's,obecnie
trainloads,codziennie
mounting,codziennie
test,francuskiego
prized,przedmiotów
juliana,juliana
royal,królewską
tossing,tematem
freshman,czternaście
ten-fifteen,piętnaście
mozart,piętnaście
wives,żony
ignorance,filozofii
wiser,mądrzejszy
concluded,zakończone
sweaters,swetry
knit,drutach
draped,sweter
pajamas,sweter
hovering,część
hey,hej
lighter,strona
dreher,dreher
useless,bezużyteczny
privation,dodatek
twenty-four,dwadzieścia
replies,odpowiedzi
variety,odpowiedzi
ringleader,nastroju
wicked,nastroju
'that's,mówi:
ugh,ugh
handwritten,wiadomość
message,wiadomość
broks,broks
sales,sprzedaży
surreptitiously,potajemnie
indirectly,opekty
chose,dentystę
permits,zezwolenia
patched,koc
poked,spod
decisions,spod
crouched,mouschi
flattered,nazywać
wears,taką
cooler,coraz
discoveries,swoich
pianist,swoich
repay,każdemu
inadequacies,własnych
defend,bronił
tobacco,półtora
choicest,ziemniaki
dividing,ziemniaki
carries,ziemniaki
shortage,ziemniaki
thoroughly,zepsuty
housebroken,zepsuty
equal,prawa
review,prawa
daughter,córką
imagines,nauczyła
predictions,twoje
soundly,mocno
banging,mocno
factory,mocno
revenge,takie
scenes,takie
bickering,kłótnie
tempestuous,kłótnie
boards,powód
manners,maniery
fortify,iz
intention,zamiaru
campaign,powinni
gieses,zająć
medicine,lekarstwo
bad-mannered,niegrzeczny
headstrong,uparty
foolish,głupi
baroness,itd
pent-up,wściekłości
pim's,irytacji
modesty,różnym
well-known,znanym
phrase,wyrażenie
fail,dokładnie
unlike,inaczej
bellyaching,twojego
defended,względu
frankly,szczerze
bathing,mówiąc
dispossessed,osoby
mingle,osoby
turkey,wkrótce
connections,wkrótce
interlude,wkrótce
shakes,głową
nod,głową
nodded,głową
sympathy,współczucia
wheeled,odwrócił
runnina,woda
ditchwater,woda
eau,kąpieli
foul,nadchodzi
bedtime,pora
soap,dussela
announces,przechodzić
golden,środek
laxative,środek
figuring,zdając
realizing,zdając
flour,pyszne
biding,czeka
scrub,szorujemy
hall,ciemności
chink,patrzy
trips,łazienki
inkling,jakiekolwiek
duration,wizyty
visits,wizyty
crocks,słoiki
mercy,jakie
honorable,jakie
whispering,szeptem
inferior,gorszy
cure,jedyne
pranksters,listonosz
furrier,zna
reader,weźmie
quicksilver,ania
happy-go-lucky,szczęśliwe
merciless,obsypano
bulging,jedzeniem
cooled,czerwone
saga,rodzinna
picks,podnosi
rude,uwagi
outstanding,cechę
thackeray's,peterem
roar,przeszkadzał
registration,nowe
sealed,domy
cheerfully,sprzedać
sole,kosztuje
ordered,zamówił
talent,pisania
casts,rzuca
click,kliknięcie
dentist's,stopą
minor,zadrapaniami
kicked,zamieszanie
nico,nico
judith,nico
eva,eva
cats,jaja
eggs,masło
puny,słabe
clam,momencie
strung,ciała
physics,ciała
sulks,przyjmować
armchairs,tapczan
0.50,"0,50"
kneesocks,"0,50"
=,"1,00"
1.00,"1,00"
1.50,"1,50"
0.75,=
0.25,=
75,75
2.25,"2,25"
petticoats,halki
smallest,najmniejszy
3.00,"3,00"
hanky,poduszka
lightweight,kapci
2.00,"2,00"
skeins,motki
belts,chusteczka
rabbit,skóry
fold,skóry
salts,brwi
puff,kolońska
interrogated,gestapo
personnel,gestapo
roughly,brutalnie
cattle,dużego
camp,wysyłają
denouncing,straszny
impressed,samym
uncivilized,miejscach
relationships,relacje
deposited,starszą
spanish,angielskich
communists,angielskich
load,dobrych
content,wystarczy
improves,bertus
nicest,częścią
grandpa,śmierci
translating,rozdziału
nivemaise,zapisania
translated,przetłumaczyłem
tidier,lepszy
storm,wyrzutów
prostitutes,itp
raids,itp
sauerkraut,kiszoną
incredibly,niesamowicie
amazingly,niesamowicie
ugly,brzydki
330,funtów
schiller,regału
four-fifteen,piętnastu
mysterious-looking,biblioteczki
hans's,odkryć
menu,zostało
airport,zostało
adage,zostało
meticulous,praca
clad,ubrany
gruel,jadł
undershirt,wszedłem
tie,krawat
industrious,pracowity
'oh,przeczytałem
brazil,przeczytałem
indescribably,piękna
mark,piękna
hebbel,niemieckich
rainy,wieczór
half-crazy,szalony
nuts,szalony
delightful,okres
22,stycznia
rereading,półtora
stirs,głębi
compassion,miłością
substitute,substytutem
successes,afryce
africa,stalingrad
stinker,śmierdzący
squad,zdjęcia
bathe,czoło
wife's,swojej
sister's,swojej
masculinity,swojej
peat,swojej
indifferent,obojętny
includes,obejmuje
continuous,rozmów
insanely,zazdrosny
re,wymieniony
guilt,winy
charting,własny
detergent,brakuje
liking,genealogiczne
plans,ideały
resulted,niezmiennie
bursting,szwach
russian,miasto
lemonade,chleb
unbuttered,chleb
cycles,żywieniowe
ensure,zapewnić
continuation,zapewnić
burdens,ciężarów
snapped,pękł
drowned,hałas
smoldering,zmarłych
rap,kostki
vocabulary,niezależnie
damages,dussel
include,dussel
approach,dussel
pays,dussel
thousand-guilder,rachunki
relayed,przekazała
explanations,wyjaśnień
humor,udawać
black-market,żadnych
books-no,żadnych
registrar,poprosił
tapped,zapukał
sank,opadł
collapsed,krzesło
seek,szukać
crumble,obliczu
surroundings,okolicy
balls,prywatnych
i.e,niemieckie
recover,dojść
abundance,mieszkańców
exceptions,np
candidate,względu
raspberry,względu
belongs,należy
prior,wymagane
antiaircraft,dział
obligations,obowiązki
compliments,uznania
sacrifice,poświęcić
patiently,wyjaśniłem
russia,rosji
immemorial,czasów
dusky,ciemno
feared,dobrych
speeches,przemówienia
spared,pierwszym
reassured,fakt
cruelest,ziemię
hurled,ziemię
cracking,żartów
personal,natura
bells,przestały
misfortunes,nieszczęścia
showers,domowe
evacuated,dziećmi
old-fashioned,kazań
singular,dzielić
center,centrum
good-humored,zależności
ease,zachowywać
nicholas,mikołajki
exchanging,drobnych
petites,drobnych
aroused,podziw
pitch,kompletnej
colorful,maską
mask,maską
doll,dostał
county,dostał
oh-so-cool,fajny
fury,dussela
attract,dussela
bloody,rękami
flailed,rękami
mystery,tajemnicą
bratwurst,kiełbaski
dons,wkłada
ingredients,wchodzą
overshoes,czerwoną
rid,pozbyć
scrap,tłuszczu
hunched,oko
agonized,agonii
elders,starszych
session,pierwszym
friendliness,należałoby
ladder,drabinie
directions,krzyczał
observed,obserwował
squirming,wrzeszczeniu
performed,wykonałem
petel,petel
noses,pacjentów
deluge,ledwo
merry,wesołe
frying,ziemniaków
imitation,ziemniaków
division,masła
oil,cukierki
un,dusze
issued,żywnościowe
dough,ciasta
banned,partię
chores,zakończone
perpetually,niezadowolona
shh,shh
joins,włącza
rounding,zakończeniu
leap,ćwiczeń
climbs,wraca
sanatorium,wraca
pushes,wpada
pastime,mianowicie
flea,proszku
cheaper,taniej
stifle,śmiech
hearty,śmiech
torn,rozdarty
stamp,ser
showing,większe
cowardly,samolubny
despicable,osobą
fatalist,praktycznie
18,kwietnia
soon-forgotten,potraktował
weak-willed,słaba
tone,tonem
wondrous,głosem
pneumonia,płuc
gradually,zaczęli
gandhi,gandhi
champion,wolności
bishops,skierowali
replace,piękne
launched,broń
landlord,właściciel
whirling,nowy
demanding,zobaczenia
31,marca
beaverbrook,beaverbrook
aired,radiu
bombing,bombardowanie
buys,kupuje
buying,kupuje
enters,wchodzi
swears,przysięga
diarrhea,pektyny
crashing,prawdziwa
tread,słychać
sprang,wyskoczyła
exact,odpowiedź
response,odpowiedź
heels,kroki
sleeves,zabrali
peeler,dłoń
sheet,kolanami
sisterly,chciałbyś
surprisingly,dziwnego
melting,masło
tommy,boche
arm's,trzyma
rat-infested,szczury
headway,ostatecznie
women's,kobietom
concern,zbytnio
worrying,zbytnio
whatsoever,zakończyła
turkey's,turcja
vendor,gazet
unaccounted-for,niezliczone
thorough,dokładną
resolution,przestała
practice,poprawiać
lasted,minutę
color,kolor
stairway,schodami
stockinged,skarpetkach
honey,kaszel
yield,ustąpił
disease,doszliśmy
scoff,anglię
obligingly,wstał
wetting,spodnie
activity,aktywności
anne-to,bić
faster,miało
tricks,figle
objective,przesadzam
appreciation,mitologii
gargles,gardło
myrrh,piersiową
sabotage,sabotażu
industries,przyjechali
shook,trząsł
posts,podłodze
strikes,miasta
trusted,usłyszą
gently,delikatnie
drew,powoli
reduce,łez
bleeding,krwawić
flames,stanął
sided,stanął
unbelievable,liczba
town,miasta
bahia,kawy
raw,szpinak
cooked,gotowana
bitterly,narzekają
precaution,środki
remedies,środki
contraceptives,środki
precautionary,ostrożności
darling',ukochana
reception,kwiaty
liverwurst,dżem
aching,plecy
m,m
absorbed,zadaniem
liquid,naczyń
steadfast,zębów
ghastly,zębów
heaven,piekła
thankless,niewdzięczne
folds,zakrywają
insight,wglądu
nevertheless,niemniej
relatively,niewielka
false,tożsamości
ids,tożsamości
forge,dowody
optimistic,optymistyczny
deny,zaprzeczyć
allied,musiało
airmen,wyskoczyć
skein-the,mleczarz
bookkeeping,niemiecka
security,bezpieczeństwa
measures,bezpieczeństwa
consciousness,przytomność
metal,śmieci
stank,śmieci
college,studenci
bordering,niemcami
percentage,procent
50,procent
obey,swojemu
anticipate,wspaniałego
dispel,trudny
shirt,koszula
tape,założyć
genealogy,plik
morale,morale
booster,morale
spinster,stara
regret,żałować
glasses,okulary
sicily,sycylii
shop,zakupami
biography,biblioteki
bunch,małych
ones,małych
gentleman's,dżentelmena
biology,mitologia
appreciate,wdzięczny
320,radę
divide,podzielić
manufacturing,większe
gaulle,wreszcie
laying,zasięgu
superiors,próbę
risk,otwarcia
burglary,wywołało
sparked,wywołało
elicited,wywołało
thrive,podniecenia
register,maszyny
trial,lądowanie
stitches,szwach
ledgers,przydatne
\,\
1\,\
rearm,wojnę
darning,centów
siren,włączyła
shelled,wybrzeże
abuzz,silników
scary,przerażające
terrifying,przerażające
abruptly,gwałtownie
drinks,gardła
disappointment,rozczarowaniem
theories,teorii
responding,odpowiadając
exceedingly,natarczywa
qualities,cech
fighting's,walczą
sunk,niżej
fountain-pen,poniżej
notion,posiadanie
flimsy,wymówkę
paying,tytoń
pillows,poduszek
barricade,łóżek
shuffles,szuranie
rifle,krzyczy
uses,poduszkę
reinforced,maaren
companion,dickensem
housewife,gospodyni
uncertainty,jednocześnie
raptly,bbc
analyze,dyskusje
guilty,stroną
songbird,ptak
snack,gotuje
numbers,liczby
personified,dobroci
akin,miłość
consumes,ogromne
progressing,postępów
peacemaker,postępów
regular,normalną
shares,dzieli
hep,hep
hep's,hep
smash,okna
insane,takimi
borrow,wyrażenie
suede,skóra
leather,kolorze
pricked,prawy
heavenly,stopę
symbolizes,cierpienie
heaven’s,litość
heaven's,litość
grabs,chwyta
slams,zatrzaskuje
coughs,kaszle
wade,wodzie
toss,jakąś
infrequent,pojawia
perfume,ust
drama,dramat
uproariously,daansami
bombshell,wybuchnie
ruddy,policzki
raging,szalejących
epidemics,szalejących
fur-coat,futra
desperately,rozpaczliwie
facade,nieszczęśliwy
deathly,przytłaczająca
lessons,łaciny
perturbed,zaniepokojona
stove's,pali
smoking,pali
puddles,nieba
memoriam,pamięci
commercial,niemieckim
splendid,wspaniałe
exquisite,wspaniałe
notepaper,czerwonym
root-canal,robił
diaries,pamiętniki
dumped,zgniłą
perform,dokonał
daydreamed,spojrzałem
fasten,kieszeni
diphtheria,bep's
oatmeal,kaszą
reproaches,wyrzuty
childbirth,cierpią
selfishly,pogrążyłem
foisted,narzucona
contradiction,narzucona
undo,cofnąć
wrapping,pakowania
optimism,optymizm
drying,mleko
subjected,poddany
compresses,okłady
wet,suche
swabbing,leżenie
knife,położyć
plunk,położyć
illness,jakikolwiek
mocha,tort
gauge,nastroje
efforts,niewdzięczność
relief,ulgę
hopelessly,beznadziejnie
blessed,wiary
amounts,ilości
puberty,dziewczynki
soothe,sumienie
honest-to,wobec
defenseless,wobec
sacred,większości
foremost,taktu
lavender,momsy
encounter,drugiego
outings,wycieczki
spring,wiosna
sis,sis
article,rumienieniu
heyster,heyster
blushing,rumienieniu
naval,jednostkami
object,przyjaźni
ruled,przyjaźni
atlantic,zrobią
mary,mary
velvety,brązowe
guardian,stróż
cousins,sally
sally,sally
multicolored,sukience
sensed,silne
petel's,petel
publish,tytułem
teenagers,nastolatki
permeate,przenikają
readily,ulegają
proverb,przysłowie
nazi,spróbować
reputation,sprytnego
tomcat,kocur
preliminaries,przygotowań
whites,białych
leaky,potrafią
charts,genealogiczne
cinema,theatre
indulgence,stratę
directing,dezaprobatę
trot,opowiadać
rowboats,pływać
correct,przenigdy
eager,chętnego
amazing,niesamowite
protect,chronić
nudes,kobietami
match,prowincji
hilversum,hilversum
cloudless,niebo
intense,samotności
spells,samotności
provisions,zapasy
italian,rosjanie
poland,polsce
sincere,szczery
listener,słuchacza
emotions,przewagę
trap-door,klapę
sea,szukając
inferiority,niższości
judging,charakteru
hans,hans
beckoned,skinął
information,zakładają
bundle,sprzeczności
glistening,ptaki
chop,właściwą
recapture,odzyskać
tolling',czysty
differ,różnimy
coals,flirtować
vulnerable,wrażliwi
shattered,najgorsza
openmouthed,otwartymi
burglaries,włamania
unhappiness,nieszczęściu
forbid,zabronić
guy,facet
hardships,cierpienia
henk,ślubu
fort,fort
delivers,dostarcza
increasingly,uciążliwy
untangle,pomieszane
oilcloth-covered,chusteczką
smells,zapachy
diseases,chorobami
lover,zwierząt
brand-new,receptę
mainly,głównie
nowadays,zaczerpnąć
pests,wewnętrzną
598,stron
220,stron
paris,ucząc
prison,więzienia
wits,przerażeni
photographs,zdjęciach
urine,mocz
score,pięćdziesiąt
willpower,siły
pst,pst
begrudge,żałuje
bolkestein,bolkestein
thefts,kradzieże
dismantled,telefony
shoemakers,niewielu
packets,tytoniu
government-issue,mąki
endive,cykoria
famished,głodny
bemoan,umiem
hobbies,hobby
hobby,hobby
fishy,podejrzanie
alerted,zaalarmował
gap,przepaść
murderous,ogarnia
truer,sprawiedliwości
dancing,dżemem
rolls,bułki
ware,sleegersa
capacity,nocnego
brushed,umyliśmy
extraordinary,odwagą
operations,operacji
piccalilli,piccalilli
elaborate,utracone
daffodils,bukiety
daze,nieszczęsny
mill,dodaj
v,karola
william,v
mazeppa,von
brandenburg,pomorza
glanced,genealogiczny
casimir,casimir
woodworking,języku
pausing,zatrzymując
tenderness,czułości
bliss,powierzchnię
pods,smaczne
unavoidable,częściach
politicians,kapitalistów
murder,zabijać
thinker,zwykłą
actions,czynów
siemons',piekarni
bakery,nici
paltry,marny
michael,michael
grandfather,dziadka
homicide,robili
gerbrandy,premiera
accepts,przyjmuje
lord's,przyjmuje
simon,simon
rhapsody,biografię
survey,kursów
mechanics,geometria
literature,literatura
incalculable,nieobliczalna
maria,maria
marie,księżniczką
anti-semitism,antysemityzm
cropped,kręgach
predominates,sprawiedliwość
dissension,spór
village,francji
boulogne,le
commander,generała
all-out,cherbourg
agnes,księżniczką
wittgenstein,pianistką
lola,pianistką
kingworth,olgą
sophie,olgą
martyrs,czczeni
laziness,lenistwo
effective,skutecznego
popped,pokrywy
assassination,zamachu
